"","truth","N","ICC","rsr","assumed","df","fname"
"1","Gaussian",25,0.1,1,"Gaussian",5,"Gaussian_25_0.1_1_Gaussian"
"2","Gaussian",25,0.1,1,"T",5,"Gaussian_25_0.1_1_T"
"3","Gaussian",25,0.1,1,"DP-diffuse",5,"Gaussian_25_0.1_1_DP-diffuse"
"4","Gaussian",25,0.1,1,"DP-EB",5,"Gaussian_25_0.1_1_DP-EB"
"5","Gaussian",25,0.1,5,"Gaussian",5,"Gaussian_25_0.1_5_Gaussian"
"6","Gaussian",25,0.1,5,"T",5,"Gaussian_25_0.1_5_T"
"7","Gaussian",25,0.1,5,"DP-diffuse",5,"Gaussian_25_0.1_5_DP-diffuse"
"8","Gaussian",25,0.1,5,"DP-EB",5,"Gaussian_25_0.1_5_DP-EB"
"9","Gaussian",25,0.1,10,"Gaussian",5,"Gaussian_25_0.1_10_Gaussian"
"10","Gaussian",25,0.1,10,"T",5,"Gaussian_25_0.1_10_T"
"11","Gaussian",25,0.1,10,"DP-diffuse",5,"Gaussian_25_0.1_10_DP-diffuse"
"12","Gaussian",25,0.1,10,"DP-EB",5,"Gaussian_25_0.1_10_DP-EB"
"13","Gaussian",25,0.5,1,"Gaussian",5,"Gaussian_25_0.5_1_Gaussian"
"14","Gaussian",25,0.5,1,"T",5,"Gaussian_25_0.5_1_T"
"15","Gaussian",25,0.5,1,"DP-diffuse",5,"Gaussian_25_0.5_1_DP-diffuse"
"16","Gaussian",25,0.5,1,"DP-EB",5,"Gaussian_25_0.5_1_DP-EB"
"17","Gaussian",25,0.5,5,"Gaussian",5,"Gaussian_25_0.5_5_Gaussian"
"18","Gaussian",25,0.5,5,"T",5,"Gaussian_25_0.5_5_T"
"19","Gaussian",25,0.5,5,"DP-diffuse",5,"Gaussian_25_0.5_5_DP-diffuse"
"20","Gaussian",25,0.5,5,"DP-EB",5,"Gaussian_25_0.5_5_DP-EB"
"21","Gaussian",25,0.5,10,"Gaussian",5,"Gaussian_25_0.5_10_Gaussian"
"22","Gaussian",25,0.5,10,"T",5,"Gaussian_25_0.5_10_T"
"23","Gaussian",25,0.5,10,"DP-diffuse",5,"Gaussian_25_0.5_10_DP-diffuse"
"24","Gaussian",25,0.5,10,"DP-EB",5,"Gaussian_25_0.5_10_DP-EB"
"25","Gaussian",25,0.9,1,"Gaussian",5,"Gaussian_25_0.9_1_Gaussian"
"26","Gaussian",25,0.9,1,"T",5,"Gaussian_25_0.9_1_T"
"27","Gaussian",25,0.9,1,"DP-diffuse",5,"Gaussian_25_0.9_1_DP-diffuse"
"28","Gaussian",25,0.9,1,"DP-EB",5,"Gaussian_25_0.9_1_DP-EB"
"29","Gaussian",25,0.9,5,"Gaussian",5,"Gaussian_25_0.9_5_Gaussian"
"30","Gaussian",25,0.9,5,"T",5,"Gaussian_25_0.9_5_T"
"31","Gaussian",25,0.9,5,"DP-diffuse",5,"Gaussian_25_0.9_5_DP-diffuse"
"32","Gaussian",25,0.9,5,"DP-EB",5,"Gaussian_25_0.9_5_DP-EB"
"33","Gaussian",25,0.9,10,"Gaussian",5,"Gaussian_25_0.9_10_Gaussian"
"34","Gaussian",25,0.9,10,"T",5,"Gaussian_25_0.9_10_T"
"35","Gaussian",25,0.9,10,"DP-diffuse",5,"Gaussian_25_0.9_10_DP-diffuse"
"36","Gaussian",25,0.9,10,"DP-EB",5,"Gaussian_25_0.9_10_DP-EB"
"37","Gaussian",50,0.1,1,"Gaussian",5,"Gaussian_50_0.1_1_Gaussian"
"38","Gaussian",50,0.1,1,"T",5,"Gaussian_50_0.1_1_T"
"39","Gaussian",50,0.1,1,"DP-diffuse",5,"Gaussian_50_0.1_1_DP-diffuse"
"40","Gaussian",50,0.1,1,"DP-EB",5,"Gaussian_50_0.1_1_DP-EB"
"41","Gaussian",50,0.1,5,"Gaussian",5,"Gaussian_50_0.1_5_Gaussian"
"42","Gaussian",50,0.1,5,"T",5,"Gaussian_50_0.1_5_T"
"43","Gaussian",50,0.1,5,"DP-diffuse",5,"Gaussian_50_0.1_5_DP-diffuse"
"44","Gaussian",50,0.1,5,"DP-EB",5,"Gaussian_50_0.1_5_DP-EB"
"45","Gaussian",50,0.1,10,"Gaussian",5,"Gaussian_50_0.1_10_Gaussian"
"46","Gaussian",50,0.1,10,"T",5,"Gaussian_50_0.1_10_T"
"47","Gaussian",50,0.1,10,"DP-diffuse",5,"Gaussian_50_0.1_10_DP-diffuse"
"48","Gaussian",50,0.1,10,"DP-EB",5,"Gaussian_50_0.1_10_DP-EB"
"49","Gaussian",50,0.5,1,"Gaussian",5,"Gaussian_50_0.5_1_Gaussian"
"50","Gaussian",50,0.5,1,"T",5,"Gaussian_50_0.5_1_T"
"51","Gaussian",50,0.5,1,"DP-diffuse",5,"Gaussian_50_0.5_1_DP-diffuse"
"52","Gaussian",50,0.5,1,"DP-EB",5,"Gaussian_50_0.5_1_DP-EB"
"53","Gaussian",50,0.5,5,"Gaussian",5,"Gaussian_50_0.5_5_Gaussian"
"54","Gaussian",50,0.5,5,"T",5,"Gaussian_50_0.5_5_T"
"55","Gaussian",50,0.5,5,"DP-diffuse",5,"Gaussian_50_0.5_5_DP-diffuse"
"56","Gaussian",50,0.5,5,"DP-EB",5,"Gaussian_50_0.5_5_DP-EB"
"57","Gaussian",50,0.5,10,"Gaussian",5,"Gaussian_50_0.5_10_Gaussian"
"58","Gaussian",50,0.5,10,"T",5,"Gaussian_50_0.5_10_T"
"59","Gaussian",50,0.5,10,"DP-diffuse",5,"Gaussian_50_0.5_10_DP-diffuse"
"60","Gaussian",50,0.5,10,"DP-EB",5,"Gaussian_50_0.5_10_DP-EB"
"61","Gaussian",50,0.9,1,"Gaussian",5,"Gaussian_50_0.9_1_Gaussian"
"62","Gaussian",50,0.9,1,"T",5,"Gaussian_50_0.9_1_T"
"63","Gaussian",50,0.9,1,"DP-diffuse",5,"Gaussian_50_0.9_1_DP-diffuse"
"64","Gaussian",50,0.9,1,"DP-EB",5,"Gaussian_50_0.9_1_DP-EB"
"65","Gaussian",50,0.9,5,"Gaussian",5,"Gaussian_50_0.9_5_Gaussian"
"66","Gaussian",50,0.9,5,"T",5,"Gaussian_50_0.9_5_T"
"67","Gaussian",50,0.9,5,"DP-diffuse",5,"Gaussian_50_0.9_5_DP-diffuse"
"68","Gaussian",50,0.9,5,"DP-EB",5,"Gaussian_50_0.9_5_DP-EB"
"69","Gaussian",50,0.9,10,"Gaussian",5,"Gaussian_50_0.9_10_Gaussian"
"70","Gaussian",50,0.9,10,"T",5,"Gaussian_50_0.9_10_T"
"71","Gaussian",50,0.9,10,"DP-diffuse",5,"Gaussian_50_0.9_10_DP-diffuse"
"72","Gaussian",50,0.9,10,"DP-EB",5,"Gaussian_50_0.9_10_DP-EB"
"73","Gaussian",100,0.1,1,"Gaussian",5,"Gaussian_100_0.1_1_Gaussian"
"74","Gaussian",100,0.1,1,"T",5,"Gaussian_100_0.1_1_T"
"75","Gaussian",100,0.1,1,"DP-diffuse",5,"Gaussian_100_0.1_1_DP-diffuse"
"76","Gaussian",100,0.1,1,"DP-EB",5,"Gaussian_100_0.1_1_DP-EB"
"77","Gaussian",100,0.1,5,"Gaussian",5,"Gaussian_100_0.1_5_Gaussian"
"78","Gaussian",100,0.1,5,"T",5,"Gaussian_100_0.1_5_T"
"79","Gaussian",100,0.1,5,"DP-diffuse",5,"Gaussian_100_0.1_5_DP-diffuse"
"80","Gaussian",100,0.1,5,"DP-EB",5,"Gaussian_100_0.1_5_DP-EB"
"81","Gaussian",100,0.1,10,"Gaussian",5,"Gaussian_100_0.1_10_Gaussian"
"82","Gaussian",100,0.1,10,"T",5,"Gaussian_100_0.1_10_T"
"83","Gaussian",100,0.1,10,"DP-diffuse",5,"Gaussian_100_0.1_10_DP-diffuse"
"84","Gaussian",100,0.1,10,"DP-EB",5,"Gaussian_100_0.1_10_DP-EB"
"85","Gaussian",100,0.5,1,"Gaussian",5,"Gaussian_100_0.5_1_Gaussian"
"86","Gaussian",100,0.5,1,"T",5,"Gaussian_100_0.5_1_T"
"87","Gaussian",100,0.5,1,"DP-diffuse",5,"Gaussian_100_0.5_1_DP-diffuse"
"88","Gaussian",100,0.5,1,"DP-EB",5,"Gaussian_100_0.5_1_DP-EB"
"89","Gaussian",100,0.5,5,"Gaussian",5,"Gaussian_100_0.5_5_Gaussian"
"90","Gaussian",100,0.5,5,"T",5,"Gaussian_100_0.5_5_T"
"91","Gaussian",100,0.5,5,"DP-diffuse",5,"Gaussian_100_0.5_5_DP-diffuse"
"92","Gaussian",100,0.5,5,"DP-EB",5,"Gaussian_100_0.5_5_DP-EB"
"93","Gaussian",100,0.5,10,"Gaussian",5,"Gaussian_100_0.5_10_Gaussian"
"94","Gaussian",100,0.5,10,"T",5,"Gaussian_100_0.5_10_T"
"95","Gaussian",100,0.5,10,"DP-diffuse",5,"Gaussian_100_0.5_10_DP-diffuse"
"96","Gaussian",100,0.5,10,"DP-EB",5,"Gaussian_100_0.5_10_DP-EB"
"97","Gaussian",100,0.9,1,"Gaussian",5,"Gaussian_100_0.9_1_Gaussian"
"98","Gaussian",100,0.9,1,"T",5,"Gaussian_100_0.9_1_T"
"99","Gaussian",100,0.9,1,"DP-diffuse",5,"Gaussian_100_0.9_1_DP-diffuse"
"100","Gaussian",100,0.9,1,"DP-EB",5,"Gaussian_100_0.9_1_DP-EB"
"101","Gaussian",100,0.9,5,"Gaussian",5,"Gaussian_100_0.9_5_Gaussian"
"102","Gaussian",100,0.9,5,"T",5,"Gaussian_100_0.9_5_T"
"103","Gaussian",100,0.9,5,"DP-diffuse",5,"Gaussian_100_0.9_5_DP-diffuse"
"104","Gaussian",100,0.9,5,"DP-EB",5,"Gaussian_100_0.9_5_DP-EB"
"105","Gaussian",100,0.9,10,"Gaussian",5,"Gaussian_100_0.9_10_Gaussian"
"106","Gaussian",100,0.9,10,"T",5,"Gaussian_100_0.9_10_T"
"107","Gaussian",100,0.9,10,"DP-diffuse",5,"Gaussian_100_0.9_10_DP-diffuse"
"108","Gaussian",100,0.9,10,"DP-EB",5,"Gaussian_100_0.9_10_DP-EB"
"109","Gaussian",200,0.1,1,"Gaussian",5,"Gaussian_200_0.1_1_Gaussian"
"110","Gaussian",200,0.1,1,"T",5,"Gaussian_200_0.1_1_T"
"111","Gaussian",200,0.1,1,"DP-diffuse",5,"Gaussian_200_0.1_1_DP-diffuse"
"112","Gaussian",200,0.1,1,"DP-EB",5,"Gaussian_200_0.1_1_DP-EB"
"113","Gaussian",200,0.1,5,"Gaussian",5,"Gaussian_200_0.1_5_Gaussian"
"114","Gaussian",200,0.1,5,"T",5,"Gaussian_200_0.1_5_T"
"115","Gaussian",200,0.1,5,"DP-diffuse",5,"Gaussian_200_0.1_5_DP-diffuse"
"116","Gaussian",200,0.1,5,"DP-EB",5,"Gaussian_200_0.1_5_DP-EB"
"117","Gaussian",200,0.1,10,"Gaussian",5,"Gaussian_200_0.1_10_Gaussian"
"118","Gaussian",200,0.1,10,"T",5,"Gaussian_200_0.1_10_T"
"119","Gaussian",200,0.1,10,"DP-diffuse",5,"Gaussian_200_0.1_10_DP-diffuse"
"120","Gaussian",200,0.1,10,"DP-EB",5,"Gaussian_200_0.1_10_DP-EB"
"121","Gaussian",200,0.5,1,"Gaussian",5,"Gaussian_200_0.5_1_Gaussian"
"122","Gaussian",200,0.5,1,"T",5,"Gaussian_200_0.5_1_T"
"123","Gaussian",200,0.5,1,"DP-diffuse",5,"Gaussian_200_0.5_1_DP-diffuse"
"124","Gaussian",200,0.5,1,"DP-EB",5,"Gaussian_200_0.5_1_DP-EB"
"125","Gaussian",200,0.5,5,"Gaussian",5,"Gaussian_200_0.5_5_Gaussian"
"126","Gaussian",200,0.5,5,"T",5,"Gaussian_200_0.5_5_T"
"127","Gaussian",200,0.5,5,"DP-diffuse",5,"Gaussian_200_0.5_5_DP-diffuse"
"128","Gaussian",200,0.5,5,"DP-EB",5,"Gaussian_200_0.5_5_DP-EB"
"129","Gaussian",200,0.5,10,"Gaussian",5,"Gaussian_200_0.5_10_Gaussian"
"130","Gaussian",200,0.5,10,"T",5,"Gaussian_200_0.5_10_T"
"131","Gaussian",200,0.5,10,"DP-diffuse",5,"Gaussian_200_0.5_10_DP-diffuse"
"132","Gaussian",200,0.5,10,"DP-EB",5,"Gaussian_200_0.5_10_DP-EB"
"133","Gaussian",200,0.9,1,"Gaussian",5,"Gaussian_200_0.9_1_Gaussian"
"134","Gaussian",200,0.9,1,"T",5,"Gaussian_200_0.9_1_T"
"135","Gaussian",200,0.9,1,"DP-diffuse",5,"Gaussian_200_0.9_1_DP-diffuse"
"136","Gaussian",200,0.9,1,"DP-EB",5,"Gaussian_200_0.9_1_DP-EB"
"137","Gaussian",200,0.9,5,"Gaussian",5,"Gaussian_200_0.9_5_Gaussian"
"138","Gaussian",200,0.9,5,"T",5,"Gaussian_200_0.9_5_T"
"139","Gaussian",200,0.9,5,"DP-diffuse",5,"Gaussian_200_0.9_5_DP-diffuse"
"140","Gaussian",200,0.9,5,"DP-EB",5,"Gaussian_200_0.9_5_DP-EB"
"141","Gaussian",200,0.9,10,"Gaussian",5,"Gaussian_200_0.9_10_Gaussian"
"142","Gaussian",200,0.9,10,"T",5,"Gaussian_200_0.9_10_T"
"143","Gaussian",200,0.9,10,"DP-diffuse",5,"Gaussian_200_0.9_10_DP-diffuse"
"144","Gaussian",200,0.9,10,"DP-EB",5,"Gaussian_200_0.9_10_DP-EB"
"145","T",25,0.1,1,"Gaussian",5,"T_25_0.1_1_Gaussian"
"146","T",25,0.1,1,"T",5,"T_25_0.1_1_T"
"147","T",25,0.1,1,"DP-diffuse",5,"T_25_0.1_1_DP-diffuse"
"148","T",25,0.1,1,"DP-EB",5,"T_25_0.1_1_DP-EB"
"149","T",25,0.1,5,"Gaussian",5,"T_25_0.1_5_Gaussian"
"150","T",25,0.1,5,"T",5,"T_25_0.1_5_T"
"151","T",25,0.1,5,"DP-diffuse",5,"T_25_0.1_5_DP-diffuse"
"152","T",25,0.1,5,"DP-EB",5,"T_25_0.1_5_DP-EB"
"153","T",25,0.1,10,"Gaussian",5,"T_25_0.1_10_Gaussian"
"154","T",25,0.1,10,"T",5,"T_25_0.1_10_T"
"155","T",25,0.1,10,"DP-diffuse",5,"T_25_0.1_10_DP-diffuse"
"156","T",25,0.1,10,"DP-EB",5,"T_25_0.1_10_DP-EB"
"157","T",25,0.5,1,"Gaussian",5,"T_25_0.5_1_Gaussian"
"158","T",25,0.5,1,"T",5,"T_25_0.5_1_T"
"159","T",25,0.5,1,"DP-diffuse",5,"T_25_0.5_1_DP-diffuse"
"160","T",25,0.5,1,"DP-EB",5,"T_25_0.5_1_DP-EB"
"161","T",25,0.5,5,"Gaussian",5,"T_25_0.5_5_Gaussian"
"162","T",25,0.5,5,"T",5,"T_25_0.5_5_T"
"163","T",25,0.5,5,"DP-diffuse",5,"T_25_0.5_5_DP-diffuse"
"164","T",25,0.5,5,"DP-EB",5,"T_25_0.5_5_DP-EB"
"165","T",25,0.5,10,"Gaussian",5,"T_25_0.5_10_Gaussian"
"166","T",25,0.5,10,"T",5,"T_25_0.5_10_T"
"167","T",25,0.5,10,"DP-diffuse",5,"T_25_0.5_10_DP-diffuse"
"168","T",25,0.5,10,"DP-EB",5,"T_25_0.5_10_DP-EB"
"169","T",25,0.9,1,"Gaussian",5,"T_25_0.9_1_Gaussian"
"170","T",25,0.9,1,"T",5,"T_25_0.9_1_T"
"171","T",25,0.9,1,"DP-diffuse",5,"T_25_0.9_1_DP-diffuse"
"172","T",25,0.9,1,"DP-EB",5,"T_25_0.9_1_DP-EB"
"173","T",25,0.9,5,"Gaussian",5,"T_25_0.9_5_Gaussian"
"174","T",25,0.9,5,"T",5,"T_25_0.9_5_T"
"175","T",25,0.9,5,"DP-diffuse",5,"T_25_0.9_5_DP-diffuse"
"176","T",25,0.9,5,"DP-EB",5,"T_25_0.9_5_DP-EB"
"177","T",25,0.9,10,"Gaussian",5,"T_25_0.9_10_Gaussian"
"178","T",25,0.9,10,"T",5,"T_25_0.9_10_T"
"179","T",25,0.9,10,"DP-diffuse",5,"T_25_0.9_10_DP-diffuse"
"180","T",25,0.9,10,"DP-EB",5,"T_25_0.9_10_DP-EB"
"181","T",50,0.1,1,"Gaussian",5,"T_50_0.1_1_Gaussian"
"182","T",50,0.1,1,"T",5,"T_50_0.1_1_T"
"183","T",50,0.1,1,"DP-diffuse",5,"T_50_0.1_1_DP-diffuse"
"184","T",50,0.1,1,"DP-EB",5,"T_50_0.1_1_DP-EB"
"185","T",50,0.1,5,"Gaussian",5,"T_50_0.1_5_Gaussian"
"186","T",50,0.1,5,"T",5,"T_50_0.1_5_T"
"187","T",50,0.1,5,"DP-diffuse",5,"T_50_0.1_5_DP-diffuse"
"188","T",50,0.1,5,"DP-EB",5,"T_50_0.1_5_DP-EB"
"189","T",50,0.1,10,"Gaussian",5,"T_50_0.1_10_Gaussian"
"190","T",50,0.1,10,"T",5,"T_50_0.1_10_T"
"191","T",50,0.1,10,"DP-diffuse",5,"T_50_0.1_10_DP-diffuse"
"192","T",50,0.1,10,"DP-EB",5,"T_50_0.1_10_DP-EB"
"193","T",50,0.5,1,"Gaussian",5,"T_50_0.5_1_Gaussian"
"194","T",50,0.5,1,"T",5,"T_50_0.5_1_T"
"195","T",50,0.5,1,"DP-diffuse",5,"T_50_0.5_1_DP-diffuse"
"196","T",50,0.5,1,"DP-EB",5,"T_50_0.5_1_DP-EB"
"197","T",50,0.5,5,"Gaussian",5,"T_50_0.5_5_Gaussian"
"198","T",50,0.5,5,"T",5,"T_50_0.5_5_T"
"199","T",50,0.5,5,"DP-diffuse",5,"T_50_0.5_5_DP-diffuse"
"200","T",50,0.5,5,"DP-EB",5,"T_50_0.5_5_DP-EB"
"201","T",50,0.5,10,"Gaussian",5,"T_50_0.5_10_Gaussian"
"202","T",50,0.5,10,"T",5,"T_50_0.5_10_T"
"203","T",50,0.5,10,"DP-diffuse",5,"T_50_0.5_10_DP-diffuse"
"204","T",50,0.5,10,"DP-EB",5,"T_50_0.5_10_DP-EB"
"205","T",50,0.9,1,"Gaussian",5,"T_50_0.9_1_Gaussian"
"206","T",50,0.9,1,"T",5,"T_50_0.9_1_T"
"207","T",50,0.9,1,"DP-diffuse",5,"T_50_0.9_1_DP-diffuse"
"208","T",50,0.9,1,"DP-EB",5,"T_50_0.9_1_DP-EB"
"209","T",50,0.9,5,"Gaussian",5,"T_50_0.9_5_Gaussian"
"210","T",50,0.9,5,"T",5,"T_50_0.9_5_T"
"211","T",50,0.9,5,"DP-diffuse",5,"T_50_0.9_5_DP-diffuse"
"212","T",50,0.9,5,"DP-EB",5,"T_50_0.9_5_DP-EB"
"213","T",50,0.9,10,"Gaussian",5,"T_50_0.9_10_Gaussian"
"214","T",50,0.9,10,"T",5,"T_50_0.9_10_T"
"215","T",50,0.9,10,"DP-diffuse",5,"T_50_0.9_10_DP-diffuse"
"216","T",50,0.9,10,"DP-EB",5,"T_50_0.9_10_DP-EB"
"217","T",100,0.1,1,"Gaussian",5,"T_100_0.1_1_Gaussian"
"218","T",100,0.1,1,"T",5,"T_100_0.1_1_T"
"219","T",100,0.1,1,"DP-diffuse",5,"T_100_0.1_1_DP-diffuse"
"220","T",100,0.1,1,"DP-EB",5,"T_100_0.1_1_DP-EB"
"221","T",100,0.1,5,"Gaussian",5,"T_100_0.1_5_Gaussian"
"222","T",100,0.1,5,"T",5,"T_100_0.1_5_T"
"223","T",100,0.1,5,"DP-diffuse",5,"T_100_0.1_5_DP-diffuse"
"224","T",100,0.1,5,"DP-EB",5,"T_100_0.1_5_DP-EB"
"225","T",100,0.1,10,"Gaussian",5,"T_100_0.1_10_Gaussian"
"226","T",100,0.1,10,"T",5,"T_100_0.1_10_T"
"227","T",100,0.1,10,"DP-diffuse",5,"T_100_0.1_10_DP-diffuse"
"228","T",100,0.1,10,"DP-EB",5,"T_100_0.1_10_DP-EB"
"229","T",100,0.5,1,"Gaussian",5,"T_100_0.5_1_Gaussian"
"230","T",100,0.5,1,"T",5,"T_100_0.5_1_T"
"231","T",100,0.5,1,"DP-diffuse",5,"T_100_0.5_1_DP-diffuse"
"232","T",100,0.5,1,"DP-EB",5,"T_100_0.5_1_DP-EB"
"233","T",100,0.5,5,"Gaussian",5,"T_100_0.5_5_Gaussian"
"234","T",100,0.5,5,"T",5,"T_100_0.5_5_T"
"235","T",100,0.5,5,"DP-diffuse",5,"T_100_0.5_5_DP-diffuse"
"236","T",100,0.5,5,"DP-EB",5,"T_100_0.5_5_DP-EB"
"237","T",100,0.5,10,"Gaussian",5,"T_100_0.5_10_Gaussian"
"238","T",100,0.5,10,"T",5,"T_100_0.5_10_T"
"239","T",100,0.5,10,"DP-diffuse",5,"T_100_0.5_10_DP-diffuse"
"240","T",100,0.5,10,"DP-EB",5,"T_100_0.5_10_DP-EB"
"241","T",100,0.9,1,"Gaussian",5,"T_100_0.9_1_Gaussian"
"242","T",100,0.9,1,"T",5,"T_100_0.9_1_T"
"243","T",100,0.9,1,"DP-diffuse",5,"T_100_0.9_1_DP-diffuse"
"244","T",100,0.9,1,"DP-EB",5,"T_100_0.9_1_DP-EB"
"245","T",100,0.9,5,"Gaussian",5,"T_100_0.9_5_Gaussian"
"246","T",100,0.9,5,"T",5,"T_100_0.9_5_T"
"247","T",100,0.9,5,"DP-diffuse",5,"T_100_0.9_5_DP-diffuse"
"248","T",100,0.9,5,"DP-EB",5,"T_100_0.9_5_DP-EB"
"249","T",100,0.9,10,"Gaussian",5,"T_100_0.9_10_Gaussian"
"250","T",100,0.9,10,"T",5,"T_100_0.9_10_T"
"251","T",100,0.9,10,"DP-diffuse",5,"T_100_0.9_10_DP-diffuse"
"252","T",100,0.9,10,"DP-EB",5,"T_100_0.9_10_DP-EB"
"253","T",200,0.1,1,"Gaussian",5,"T_200_0.1_1_Gaussian"
"254","T",200,0.1,1,"T",5,"T_200_0.1_1_T"
"255","T",200,0.1,1,"DP-diffuse",5,"T_200_0.1_1_DP-diffuse"
"256","T",200,0.1,1,"DP-EB",5,"T_200_0.1_1_DP-EB"
"257","T",200,0.1,5,"Gaussian",5,"T_200_0.1_5_Gaussian"
"258","T",200,0.1,5,"T",5,"T_200_0.1_5_T"
"259","T",200,0.1,5,"DP-diffuse",5,"T_200_0.1_5_DP-diffuse"
"260","T",200,0.1,5,"DP-EB",5,"T_200_0.1_5_DP-EB"
"261","T",200,0.1,10,"Gaussian",5,"T_200_0.1_10_Gaussian"
"262","T",200,0.1,10,"T",5,"T_200_0.1_10_T"
"263","T",200,0.1,10,"DP-diffuse",5,"T_200_0.1_10_DP-diffuse"
"264","T",200,0.1,10,"DP-EB",5,"T_200_0.1_10_DP-EB"
"265","T",200,0.5,1,"Gaussian",5,"T_200_0.5_1_Gaussian"
"266","T",200,0.5,1,"T",5,"T_200_0.5_1_T"
"267","T",200,0.5,1,"DP-diffuse",5,"T_200_0.5_1_DP-diffuse"
"268","T",200,0.5,1,"DP-EB",5,"T_200_0.5_1_DP-EB"
"269","T",200,0.5,5,"Gaussian",5,"T_200_0.5_5_Gaussian"
"270","T",200,0.5,5,"T",5,"T_200_0.5_5_T"
"271","T",200,0.5,5,"DP-diffuse",5,"T_200_0.5_5_DP-diffuse"
"272","T",200,0.5,5,"DP-EB",5,"T_200_0.5_5_DP-EB"
"273","T",200,0.5,10,"Gaussian",5,"T_200_0.5_10_Gaussian"
"274","T",200,0.5,10,"T",5,"T_200_0.5_10_T"
"275","T",200,0.5,10,"DP-diffuse",5,"T_200_0.5_10_DP-diffuse"
"276","T",200,0.5,10,"DP-EB",5,"T_200_0.5_10_DP-EB"
"277","T",200,0.9,1,"Gaussian",5,"T_200_0.9_1_Gaussian"
"278","T",200,0.9,1,"T",5,"T_200_0.9_1_T"
"279","T",200,0.9,1,"DP-diffuse",5,"T_200_0.9_1_DP-diffuse"
"280","T",200,0.9,1,"DP-EB",5,"T_200_0.9_1_DP-EB"
"281","T",200,0.9,5,"Gaussian",5,"T_200_0.9_5_Gaussian"
"282","T",200,0.9,5,"T",5,"T_200_0.9_5_T"
"283","T",200,0.9,5,"DP-diffuse",5,"T_200_0.9_5_DP-diffuse"
"284","T",200,0.9,5,"DP-EB",5,"T_200_0.9_5_DP-EB"
"285","T",200,0.9,10,"Gaussian",5,"T_200_0.9_10_Gaussian"
"286","T",200,0.9,10,"T",5,"T_200_0.9_10_T"
"287","T",200,0.9,10,"DP-diffuse",5,"T_200_0.9_10_DP-diffuse"
"288","T",200,0.9,10,"DP-EB",5,"T_200_0.9_10_DP-EB"
"289","ALD",25,0.1,1,"Gaussian",5,"ALD_25_0.1_1_Gaussian"
"290","ALD",25,0.1,1,"T",5,"ALD_25_0.1_1_T"
"291","ALD",25,0.1,1,"DP-diffuse",5,"ALD_25_0.1_1_DP-diffuse"
"292","ALD",25,0.1,1,"DP-EB",5,"ALD_25_0.1_1_DP-EB"
"293","ALD",25,0.1,5,"Gaussian",5,"ALD_25_0.1_5_Gaussian"
"294","ALD",25,0.1,5,"T",5,"ALD_25_0.1_5_T"
"295","ALD",25,0.1,5,"DP-diffuse",5,"ALD_25_0.1_5_DP-diffuse"
"296","ALD",25,0.1,5,"DP-EB",5,"ALD_25_0.1_5_DP-EB"
"297","ALD",25,0.1,10,"Gaussian",5,"ALD_25_0.1_10_Gaussian"
"298","ALD",25,0.1,10,"T",5,"ALD_25_0.1_10_T"
"299","ALD",25,0.1,10,"DP-diffuse",5,"ALD_25_0.1_10_DP-diffuse"
"300","ALD",25,0.1,10,"DP-EB",5,"ALD_25_0.1_10_DP-EB"
"301","ALD",25,0.5,1,"Gaussian",5,"ALD_25_0.5_1_Gaussian"
"302","ALD",25,0.5,1,"T",5,"ALD_25_0.5_1_T"
"303","ALD",25,0.5,1,"DP-diffuse",5,"ALD_25_0.5_1_DP-diffuse"
"304","ALD",25,0.5,1,"DP-EB",5,"ALD_25_0.5_1_DP-EB"
"305","ALD",25,0.5,5,"Gaussian",5,"ALD_25_0.5_5_Gaussian"
"306","ALD",25,0.5,5,"T",5,"ALD_25_0.5_5_T"
"307","ALD",25,0.5,5,"DP-diffuse",5,"ALD_25_0.5_5_DP-diffuse"
"308","ALD",25,0.5,5,"DP-EB",5,"ALD_25_0.5_5_DP-EB"
"309","ALD",25,0.5,10,"Gaussian",5,"ALD_25_0.5_10_Gaussian"
"310","ALD",25,0.5,10,"T",5,"ALD_25_0.5_10_T"
"311","ALD",25,0.5,10,"DP-diffuse",5,"ALD_25_0.5_10_DP-diffuse"
"312","ALD",25,0.5,10,"DP-EB",5,"ALD_25_0.5_10_DP-EB"
"313","ALD",25,0.9,1,"Gaussian",5,"ALD_25_0.9_1_Gaussian"
"314","ALD",25,0.9,1,"T",5,"ALD_25_0.9_1_T"
"315","ALD",25,0.9,1,"DP-diffuse",5,"ALD_25_0.9_1_DP-diffuse"
"316","ALD",25,0.9,1,"DP-EB",5,"ALD_25_0.9_1_DP-EB"
"317","ALD",25,0.9,5,"Gaussian",5,"ALD_25_0.9_5_Gaussian"
"318","ALD",25,0.9,5,"T",5,"ALD_25_0.9_5_T"
"319","ALD",25,0.9,5,"DP-diffuse",5,"ALD_25_0.9_5_DP-diffuse"
"320","ALD",25,0.9,5,"DP-EB",5,"ALD_25_0.9_5_DP-EB"
"321","ALD",25,0.9,10,"Gaussian",5,"ALD_25_0.9_10_Gaussian"
"322","ALD",25,0.9,10,"T",5,"ALD_25_0.9_10_T"
"323","ALD",25,0.9,10,"DP-diffuse",5,"ALD_25_0.9_10_DP-diffuse"
"324","ALD",25,0.9,10,"DP-EB",5,"ALD_25_0.9_10_DP-EB"
"325","ALD",50,0.1,1,"Gaussian",5,"ALD_50_0.1_1_Gaussian"
"326","ALD",50,0.1,1,"T",5,"ALD_50_0.1_1_T"
"327","ALD",50,0.1,1,"DP-diffuse",5,"ALD_50_0.1_1_DP-diffuse"
"328","ALD",50,0.1,1,"DP-EB",5,"ALD_50_0.1_1_DP-EB"
"329","ALD",50,0.1,5,"Gaussian",5,"ALD_50_0.1_5_Gaussian"
"330","ALD",50,0.1,5,"T",5,"ALD_50_0.1_5_T"
"331","ALD",50,0.1,5,"DP-diffuse",5,"ALD_50_0.1_5_DP-diffuse"
"332","ALD",50,0.1,5,"DP-EB",5,"ALD_50_0.1_5_DP-EB"
"333","ALD",50,0.1,10,"Gaussian",5,"ALD_50_0.1_10_Gaussian"
"334","ALD",50,0.1,10,"T",5,"ALD_50_0.1_10_T"
"335","ALD",50,0.1,10,"DP-diffuse",5,"ALD_50_0.1_10_DP-diffuse"
"336","ALD",50,0.1,10,"DP-EB",5,"ALD_50_0.1_10_DP-EB"
"337","ALD",50,0.5,1,"Gaussian",5,"ALD_50_0.5_1_Gaussian"
"338","ALD",50,0.5,1,"T",5,"ALD_50_0.5_1_T"
"339","ALD",50,0.5,1,"DP-diffuse",5,"ALD_50_0.5_1_DP-diffuse"
"340","ALD",50,0.5,1,"DP-EB",5,"ALD_50_0.5_1_DP-EB"
"341","ALD",50,0.5,5,"Gaussian",5,"ALD_50_0.5_5_Gaussian"
"342","ALD",50,0.5,5,"T",5,"ALD_50_0.5_5_T"
"343","ALD",50,0.5,5,"DP-diffuse",5,"ALD_50_0.5_5_DP-diffuse"
"344","ALD",50,0.5,5,"DP-EB",5,"ALD_50_0.5_5_DP-EB"
"345","ALD",50,0.5,10,"Gaussian",5,"ALD_50_0.5_10_Gaussian"
"346","ALD",50,0.5,10,"T",5,"ALD_50_0.5_10_T"
"347","ALD",50,0.5,10,"DP-diffuse",5,"ALD_50_0.5_10_DP-diffuse"
"348","ALD",50,0.5,10,"DP-EB",5,"ALD_50_0.5_10_DP-EB"
"349","ALD",50,0.9,1,"Gaussian",5,"ALD_50_0.9_1_Gaussian"
"350","ALD",50,0.9,1,"T",5,"ALD_50_0.9_1_T"
"351","ALD",50,0.9,1,"DP-diffuse",5,"ALD_50_0.9_1_DP-diffuse"
"352","ALD",50,0.9,1,"DP-EB",5,"ALD_50_0.9_1_DP-EB"
"353","ALD",50,0.9,5,"Gaussian",5,"ALD_50_0.9_5_Gaussian"
"354","ALD",50,0.9,5,"T",5,"ALD_50_0.9_5_T"
"355","ALD",50,0.9,5,"DP-diffuse",5,"ALD_50_0.9_5_DP-diffuse"
"356","ALD",50,0.9,5,"DP-EB",5,"ALD_50_0.9_5_DP-EB"
"357","ALD",50,0.9,10,"Gaussian",5,"ALD_50_0.9_10_Gaussian"
"358","ALD",50,0.9,10,"T",5,"ALD_50_0.9_10_T"
"359","ALD",50,0.9,10,"DP-diffuse",5,"ALD_50_0.9_10_DP-diffuse"
"360","ALD",50,0.9,10,"DP-EB",5,"ALD_50_0.9_10_DP-EB"
"361","ALD",100,0.1,1,"Gaussian",5,"ALD_100_0.1_1_Gaussian"
"362","ALD",100,0.1,1,"T",5,"ALD_100_0.1_1_T"
"363","ALD",100,0.1,1,"DP-diffuse",5,"ALD_100_0.1_1_DP-diffuse"
"364","ALD",100,0.1,1,"DP-EB",5,"ALD_100_0.1_1_DP-EB"
"365","ALD",100,0.1,5,"Gaussian",5,"ALD_100_0.1_5_Gaussian"
"366","ALD",100,0.1,5,"T",5,"ALD_100_0.1_5_T"
"367","ALD",100,0.1,5,"DP-diffuse",5,"ALD_100_0.1_5_DP-diffuse"
"368","ALD",100,0.1,5,"DP-EB",5,"ALD_100_0.1_5_DP-EB"
"369","ALD",100,0.1,10,"Gaussian",5,"ALD_100_0.1_10_Gaussian"
"370","ALD",100,0.1,10,"T",5,"ALD_100_0.1_10_T"
"371","ALD",100,0.1,10,"DP-diffuse",5,"ALD_100_0.1_10_DP-diffuse"
"372","ALD",100,0.1,10,"DP-EB",5,"ALD_100_0.1_10_DP-EB"
"373","ALD",100,0.5,1,"Gaussian",5,"ALD_100_0.5_1_Gaussian"
"374","ALD",100,0.5,1,"T",5,"ALD_100_0.5_1_T"
"375","ALD",100,0.5,1,"DP-diffuse",5,"ALD_100_0.5_1_DP-diffuse"
"376","ALD",100,0.5,1,"DP-EB",5,"ALD_100_0.5_1_DP-EB"
"377","ALD",100,0.5,5,"Gaussian",5,"ALD_100_0.5_5_Gaussian"
"378","ALD",100,0.5,5,"T",5,"ALD_100_0.5_5_T"
"379","ALD",100,0.5,5,"DP-diffuse",5,"ALD_100_0.5_5_DP-diffuse"
"380","ALD",100,0.5,5,"DP-EB",5,"ALD_100_0.5_5_DP-EB"
"381","ALD",100,0.5,10,"Gaussian",5,"ALD_100_0.5_10_Gaussian"
"382","ALD",100,0.5,10,"T",5,"ALD_100_0.5_10_T"
"383","ALD",100,0.5,10,"DP-diffuse",5,"ALD_100_0.5_10_DP-diffuse"
"384","ALD",100,0.5,10,"DP-EB",5,"ALD_100_0.5_10_DP-EB"
"385","ALD",100,0.9,1,"Gaussian",5,"ALD_100_0.9_1_Gaussian"
"386","ALD",100,0.9,1,"T",5,"ALD_100_0.9_1_T"
"387","ALD",100,0.9,1,"DP-diffuse",5,"ALD_100_0.9_1_DP-diffuse"
"388","ALD",100,0.9,1,"DP-EB",5,"ALD_100_0.9_1_DP-EB"
"389","ALD",100,0.9,5,"Gaussian",5,"ALD_100_0.9_5_Gaussian"
"390","ALD",100,0.9,5,"T",5,"ALD_100_0.9_5_T"
"391","ALD",100,0.9,5,"DP-diffuse",5,"ALD_100_0.9_5_DP-diffuse"
"392","ALD",100,0.9,5,"DP-EB",5,"ALD_100_0.9_5_DP-EB"
"393","ALD",100,0.9,10,"Gaussian",5,"ALD_100_0.9_10_Gaussian"
"394","ALD",100,0.9,10,"T",5,"ALD_100_0.9_10_T"
"395","ALD",100,0.9,10,"DP-diffuse",5,"ALD_100_0.9_10_DP-diffuse"
"396","ALD",100,0.9,10,"DP-EB",5,"ALD_100_0.9_10_DP-EB"
"397","ALD",200,0.1,1,"Gaussian",5,"ALD_200_0.1_1_Gaussian"
"398","ALD",200,0.1,1,"T",5,"ALD_200_0.1_1_T"
"399","ALD",200,0.1,1,"DP-diffuse",5,"ALD_200_0.1_1_DP-diffuse"
"400","ALD",200,0.1,1,"DP-EB",5,"ALD_200_0.1_1_DP-EB"
"401","ALD",200,0.1,5,"Gaussian",5,"ALD_200_0.1_5_Gaussian"
"402","ALD",200,0.1,5,"T",5,"ALD_200_0.1_5_T"
"403","ALD",200,0.1,5,"DP-diffuse",5,"ALD_200_0.1_5_DP-diffuse"
"404","ALD",200,0.1,5,"DP-EB",5,"ALD_200_0.1_5_DP-EB"
"405","ALD",200,0.1,10,"Gaussian",5,"ALD_200_0.1_10_Gaussian"
"406","ALD",200,0.1,10,"T",5,"ALD_200_0.1_10_T"
"407","ALD",200,0.1,10,"DP-diffuse",5,"ALD_200_0.1_10_DP-diffuse"
"408","ALD",200,0.1,10,"DP-EB",5,"ALD_200_0.1_10_DP-EB"
"409","ALD",200,0.5,1,"Gaussian",5,"ALD_200_0.5_1_Gaussian"
"410","ALD",200,0.5,1,"T",5,"ALD_200_0.5_1_T"
"411","ALD",200,0.5,1,"DP-diffuse",5,"ALD_200_0.5_1_DP-diffuse"
"412","ALD",200,0.5,1,"DP-EB",5,"ALD_200_0.5_1_DP-EB"
"413","ALD",200,0.5,5,"Gaussian",5,"ALD_200_0.5_5_Gaussian"
"414","ALD",200,0.5,5,"T",5,"ALD_200_0.5_5_T"
"415","ALD",200,0.5,5,"DP-diffuse",5,"ALD_200_0.5_5_DP-diffuse"
"416","ALD",200,0.5,5,"DP-EB",5,"ALD_200_0.5_5_DP-EB"
"417","ALD",200,0.5,10,"Gaussian",5,"ALD_200_0.5_10_Gaussian"
"418","ALD",200,0.5,10,"T",5,"ALD_200_0.5_10_T"
"419","ALD",200,0.5,10,"DP-diffuse",5,"ALD_200_0.5_10_DP-diffuse"
"420","ALD",200,0.5,10,"DP-EB",5,"ALD_200_0.5_10_DP-EB"
"421","ALD",200,0.9,1,"Gaussian",5,"ALD_200_0.9_1_Gaussian"
"422","ALD",200,0.9,1,"T",5,"ALD_200_0.9_1_T"
"423","ALD",200,0.9,1,"DP-diffuse",5,"ALD_200_0.9_1_DP-diffuse"
"424","ALD",200,0.9,1,"DP-EB",5,"ALD_200_0.9_1_DP-EB"
"425","ALD",200,0.9,5,"Gaussian",5,"ALD_200_0.9_5_Gaussian"
"426","ALD",200,0.9,5,"T",5,"ALD_200_0.9_5_T"
"427","ALD",200,0.9,5,"DP-diffuse",5,"ALD_200_0.9_5_DP-diffuse"
"428","ALD",200,0.9,5,"DP-EB",5,"ALD_200_0.9_5_DP-EB"
"429","ALD",200,0.9,10,"Gaussian",5,"ALD_200_0.9_10_Gaussian"
"430","ALD",200,0.9,10,"T",5,"ALD_200_0.9_10_T"
"431","ALD",200,0.9,10,"DP-diffuse",5,"ALD_200_0.9_10_DP-diffuse"
"432","ALD",200,0.9,10,"DP-EB",5,"ALD_200_0.9_10_DP-EB"
"433","Bimodal",25,0.1,1,"Gaussian",5,"Bimodal_25_0.1_1_Gaussian"
"434","Bimodal",25,0.1,1,"T",5,"Bimodal_25_0.1_1_T"
"435","Bimodal",25,0.1,1,"DP-diffuse",5,"Bimodal_25_0.1_1_DP-diffuse"
"436","Bimodal",25,0.1,1,"DP-EB",5,"Bimodal_25_0.1_1_DP-EB"
"437","Bimodal",25,0.1,5,"Gaussian",5,"Bimodal_25_0.1_5_Gaussian"
"438","Bimodal",25,0.1,5,"T",5,"Bimodal_25_0.1_5_T"
"439","Bimodal",25,0.1,5,"DP-diffuse",5,"Bimodal_25_0.1_5_DP-diffuse"
"440","Bimodal",25,0.1,5,"DP-EB",5,"Bimodal_25_0.1_5_DP-EB"
"441","Bimodal",25,0.1,10,"Gaussian",5,"Bimodal_25_0.1_10_Gaussian"
"442","Bimodal",25,0.1,10,"T",5,"Bimodal_25_0.1_10_T"
"443","Bimodal",25,0.1,10,"DP-diffuse",5,"Bimodal_25_0.1_10_DP-diffuse"
"444","Bimodal",25,0.1,10,"DP-EB",5,"Bimodal_25_0.1_10_DP-EB"
"445","Bimodal",25,0.5,1,"Gaussian",5,"Bimodal_25_0.5_1_Gaussian"
"446","Bimodal",25,0.5,1,"T",5,"Bimodal_25_0.5_1_T"
"447","Bimodal",25,0.5,1,"DP-diffuse",5,"Bimodal_25_0.5_1_DP-diffuse"
"448","Bimodal",25,0.5,1,"DP-EB",5,"Bimodal_25_0.5_1_DP-EB"
"449","Bimodal",25,0.5,5,"Gaussian",5,"Bimodal_25_0.5_5_Gaussian"
"450","Bimodal",25,0.5,5,"T",5,"Bimodal_25_0.5_5_T"
"451","Bimodal",25,0.5,5,"DP-diffuse",5,"Bimodal_25_0.5_5_DP-diffuse"
"452","Bimodal",25,0.5,5,"DP-EB",5,"Bimodal_25_0.5_5_DP-EB"
"453","Bimodal",25,0.5,10,"Gaussian",5,"Bimodal_25_0.5_10_Gaussian"
"454","Bimodal",25,0.5,10,"T",5,"Bimodal_25_0.5_10_T"
"455","Bimodal",25,0.5,10,"DP-diffuse",5,"Bimodal_25_0.5_10_DP-diffuse"
"456","Bimodal",25,0.5,10,"DP-EB",5,"Bimodal_25_0.5_10_DP-EB"
"457","Bimodal",25,0.9,1,"Gaussian",5,"Bimodal_25_0.9_1_Gaussian"
"458","Bimodal",25,0.9,1,"T",5,"Bimodal_25_0.9_1_T"
"459","Bimodal",25,0.9,1,"DP-diffuse",5,"Bimodal_25_0.9_1_DP-diffuse"
"460","Bimodal",25,0.9,1,"DP-EB",5,"Bimodal_25_0.9_1_DP-EB"
"461","Bimodal",25,0.9,5,"Gaussian",5,"Bimodal_25_0.9_5_Gaussian"
"462","Bimodal",25,0.9,5,"T",5,"Bimodal_25_0.9_5_T"
"463","Bimodal",25,0.9,5,"DP-diffuse",5,"Bimodal_25_0.9_5_DP-diffuse"
"464","Bimodal",25,0.9,5,"DP-EB",5,"Bimodal_25_0.9_5_DP-EB"
"465","Bimodal",25,0.9,10,"Gaussian",5,"Bimodal_25_0.9_10_Gaussian"
"466","Bimodal",25,0.9,10,"T",5,"Bimodal_25_0.9_10_T"
"467","Bimodal",25,0.9,10,"DP-diffuse",5,"Bimodal_25_0.9_10_DP-diffuse"
"468","Bimodal",25,0.9,10,"DP-EB",5,"Bimodal_25_0.9_10_DP-EB"
"469","Bimodal",50,0.1,1,"Gaussian",5,"Bimodal_50_0.1_1_Gaussian"
"470","Bimodal",50,0.1,1,"T",5,"Bimodal_50_0.1_1_T"
"471","Bimodal",50,0.1,1,"DP-diffuse",5,"Bimodal_50_0.1_1_DP-diffuse"
"472","Bimodal",50,0.1,1,"DP-EB",5,"Bimodal_50_0.1_1_DP-EB"
"473","Bimodal",50,0.1,5,"Gaussian",5,"Bimodal_50_0.1_5_Gaussian"
"474","Bimodal",50,0.1,5,"T",5,"Bimodal_50_0.1_5_T"
"475","Bimodal",50,0.1,5,"DP-diffuse",5,"Bimodal_50_0.1_5_DP-diffuse"
"476","Bimodal",50,0.1,5,"DP-EB",5,"Bimodal_50_0.1_5_DP-EB"
"477","Bimodal",50,0.1,10,"Gaussian",5,"Bimodal_50_0.1_10_Gaussian"
"478","Bimodal",50,0.1,10,"T",5,"Bimodal_50_0.1_10_T"
"479","Bimodal",50,0.1,10,"DP-diffuse",5,"Bimodal_50_0.1_10_DP-diffuse"
"480","Bimodal",50,0.1,10,"DP-EB",5,"Bimodal_50_0.1_10_DP-EB"
"481","Bimodal",50,0.5,1,"Gaussian",5,"Bimodal_50_0.5_1_Gaussian"
"482","Bimodal",50,0.5,1,"T",5,"Bimodal_50_0.5_1_T"
"483","Bimodal",50,0.5,1,"DP-diffuse",5,"Bimodal_50_0.5_1_DP-diffuse"
"484","Bimodal",50,0.5,1,"DP-EB",5,"Bimodal_50_0.5_1_DP-EB"
"485","Bimodal",50,0.5,5,"Gaussian",5,"Bimodal_50_0.5_5_Gaussian"
"486","Bimodal",50,0.5,5,"T",5,"Bimodal_50_0.5_5_T"
"487","Bimodal",50,0.5,5,"DP-diffuse",5,"Bimodal_50_0.5_5_DP-diffuse"
"488","Bimodal",50,0.5,5,"DP-EB",5,"Bimodal_50_0.5_5_DP-EB"
"489","Bimodal",50,0.5,10,"Gaussian",5,"Bimodal_50_0.5_10_Gaussian"
"490","Bimodal",50,0.5,10,"T",5,"Bimodal_50_0.5_10_T"
"491","Bimodal",50,0.5,10,"DP-diffuse",5,"Bimodal_50_0.5_10_DP-diffuse"
"492","Bimodal",50,0.5,10,"DP-EB",5,"Bimodal_50_0.5_10_DP-EB"
"493","Bimodal",50,0.9,1,"Gaussian",5,"Bimodal_50_0.9_1_Gaussian"
"494","Bimodal",50,0.9,1,"T",5,"Bimodal_50_0.9_1_T"
"495","Bimodal",50,0.9,1,"DP-diffuse",5,"Bimodal_50_0.9_1_DP-diffuse"
"496","Bimodal",50,0.9,1,"DP-EB",5,"Bimodal_50_0.9_1_DP-EB"
"497","Bimodal",50,0.9,5,"Gaussian",5,"Bimodal_50_0.9_5_Gaussian"
"498","Bimodal",50,0.9,5,"T",5,"Bimodal_50_0.9_5_T"
"499","Bimodal",50,0.9,5,"DP-diffuse",5,"Bimodal_50_0.9_5_DP-diffuse"
"500","Bimodal",50,0.9,5,"DP-EB",5,"Bimodal_50_0.9_5_DP-EB"
"501","Bimodal",50,0.9,10,"Gaussian",5,"Bimodal_50_0.9_10_Gaussian"
"502","Bimodal",50,0.9,10,"T",5,"Bimodal_50_0.9_10_T"
"503","Bimodal",50,0.9,10,"DP-diffuse",5,"Bimodal_50_0.9_10_DP-diffuse"
"504","Bimodal",50,0.9,10,"DP-EB",5,"Bimodal_50_0.9_10_DP-EB"
"505","Bimodal",100,0.1,1,"Gaussian",5,"Bimodal_100_0.1_1_Gaussian"
"506","Bimodal",100,0.1,1,"T",5,"Bimodal_100_0.1_1_T"
"507","Bimodal",100,0.1,1,"DP-diffuse",5,"Bimodal_100_0.1_1_DP-diffuse"
"508","Bimodal",100,0.1,1,"DP-EB",5,"Bimodal_100_0.1_1_DP-EB"
"509","Bimodal",100,0.1,5,"Gaussian",5,"Bimodal_100_0.1_5_Gaussian"
"510","Bimodal",100,0.1,5,"T",5,"Bimodal_100_0.1_5_T"
"511","Bimodal",100,0.1,5,"DP-diffuse",5,"Bimodal_100_0.1_5_DP-diffuse"
"512","Bimodal",100,0.1,5,"DP-EB",5,"Bimodal_100_0.1_5_DP-EB"
"513","Bimodal",100,0.1,10,"Gaussian",5,"Bimodal_100_0.1_10_Gaussian"
"514","Bimodal",100,0.1,10,"T",5,"Bimodal_100_0.1_10_T"
"515","Bimodal",100,0.1,10,"DP-diffuse",5,"Bimodal_100_0.1_10_DP-diffuse"
"516","Bimodal",100,0.1,10,"DP-EB",5,"Bimodal_100_0.1_10_DP-EB"
"517","Bimodal",100,0.5,1,"Gaussian",5,"Bimodal_100_0.5_1_Gaussian"
"518","Bimodal",100,0.5,1,"T",5,"Bimodal_100_0.5_1_T"
"519","Bimodal",100,0.5,1,"DP-diffuse",5,"Bimodal_100_0.5_1_DP-diffuse"
"520","Bimodal",100,0.5,1,"DP-EB",5,"Bimodal_100_0.5_1_DP-EB"
"521","Bimodal",100,0.5,5,"Gaussian",5,"Bimodal_100_0.5_5_Gaussian"
"522","Bimodal",100,0.5,5,"T",5,"Bimodal_100_0.5_5_T"
"523","Bimodal",100,0.5,5,"DP-diffuse",5,"Bimodal_100_0.5_5_DP-diffuse"
"524","Bimodal",100,0.5,5,"DP-EB",5,"Bimodal_100_0.5_5_DP-EB"
"525","Bimodal",100,0.5,10,"Gaussian",5,"Bimodal_100_0.5_10_Gaussian"
"526","Bimodal",100,0.5,10,"T",5,"Bimodal_100_0.5_10_T"
"527","Bimodal",100,0.5,10,"DP-diffuse",5,"Bimodal_100_0.5_10_DP-diffuse"
"528","Bimodal",100,0.5,10,"DP-EB",5,"Bimodal_100_0.5_10_DP-EB"
"529","Bimodal",100,0.9,1,"Gaussian",5,"Bimodal_100_0.9_1_Gaussian"
"530","Bimodal",100,0.9,1,"T",5,"Bimodal_100_0.9_1_T"
"531","Bimodal",100,0.9,1,"DP-diffuse",5,"Bimodal_100_0.9_1_DP-diffuse"
"532","Bimodal",100,0.9,1,"DP-EB",5,"Bimodal_100_0.9_1_DP-EB"
"533","Bimodal",100,0.9,5,"Gaussian",5,"Bimodal_100_0.9_5_Gaussian"
"534","Bimodal",100,0.9,5,"T",5,"Bimodal_100_0.9_5_T"
"535","Bimodal",100,0.9,5,"DP-diffuse",5,"Bimodal_100_0.9_5_DP-diffuse"
"536","Bimodal",100,0.9,5,"DP-EB",5,"Bimodal_100_0.9_5_DP-EB"
"537","Bimodal",100,0.9,10,"Gaussian",5,"Bimodal_100_0.9_10_Gaussian"
"538","Bimodal",100,0.9,10,"T",5,"Bimodal_100_0.9_10_T"
"539","Bimodal",100,0.9,10,"DP-diffuse",5,"Bimodal_100_0.9_10_DP-diffuse"
"540","Bimodal",100,0.9,10,"DP-EB",5,"Bimodal_100_0.9_10_DP-EB"
"541","Bimodal",200,0.1,1,"Gaussian",5,"Bimodal_200_0.1_1_Gaussian"
"542","Bimodal",200,0.1,1,"T",5,"Bimodal_200_0.1_1_T"
"543","Bimodal",200,0.1,1,"DP-diffuse",5,"Bimodal_200_0.1_1_DP-diffuse"
"544","Bimodal",200,0.1,1,"DP-EB",5,"Bimodal_200_0.1_1_DP-EB"
"545","Bimodal",200,0.1,5,"Gaussian",5,"Bimodal_200_0.1_5_Gaussian"
"546","Bimodal",200,0.1,5,"T",5,"Bimodal_200_0.1_5_T"
"547","Bimodal",200,0.1,5,"DP-diffuse",5,"Bimodal_200_0.1_5_DP-diffuse"
"548","Bimodal",200,0.1,5,"DP-EB",5,"Bimodal_200_0.1_5_DP-EB"
"549","Bimodal",200,0.1,10,"Gaussian",5,"Bimodal_200_0.1_10_Gaussian"
"550","Bimodal",200,0.1,10,"T",5,"Bimodal_200_0.1_10_T"
"551","Bimodal",200,0.1,10,"DP-diffuse",5,"Bimodal_200_0.1_10_DP-diffuse"
"552","Bimodal",200,0.1,10,"DP-EB",5,"Bimodal_200_0.1_10_DP-EB"
"553","Bimodal",200,0.5,1,"Gaussian",5,"Bimodal_200_0.5_1_Gaussian"
"554","Bimodal",200,0.5,1,"T",5,"Bimodal_200_0.5_1_T"
"555","Bimodal",200,0.5,1,"DP-diffuse",5,"Bimodal_200_0.5_1_DP-diffuse"
"556","Bimodal",200,0.5,1,"DP-EB",5,"Bimodal_200_0.5_1_DP-EB"
"557","Bimodal",200,0.5,5,"Gaussian",5,"Bimodal_200_0.5_5_Gaussian"
"558","Bimodal",200,0.5,5,"T",5,"Bimodal_200_0.5_5_T"
"559","Bimodal",200,0.5,5,"DP-diffuse",5,"Bimodal_200_0.5_5_DP-diffuse"
"560","Bimodal",200,0.5,5,"DP-EB",5,"Bimodal_200_0.5_5_DP-EB"
"561","Bimodal",200,0.5,10,"Gaussian",5,"Bimodal_200_0.5_10_Gaussian"
"562","Bimodal",200,0.5,10,"T",5,"Bimodal_200_0.5_10_T"
"563","Bimodal",200,0.5,10,"DP-diffuse",5,"Bimodal_200_0.5_10_DP-diffuse"
"564","Bimodal",200,0.5,10,"DP-EB",5,"Bimodal_200_0.5_10_DP-EB"
"565","Bimodal",200,0.9,1,"Gaussian",5,"Bimodal_200_0.9_1_Gaussian"
"566","Bimodal",200,0.9,1,"T",5,"Bimodal_200_0.9_1_T"
"567","Bimodal",200,0.9,1,"DP-diffuse",5,"Bimodal_200_0.9_1_DP-diffuse"
"568","Bimodal",200,0.9,1,"DP-EB",5,"Bimodal_200_0.9_1_DP-EB"
"569","Bimodal",200,0.9,5,"Gaussian",5,"Bimodal_200_0.9_5_Gaussian"
"570","Bimodal",200,0.9,5,"T",5,"Bimodal_200_0.9_5_T"
"571","Bimodal",200,0.9,5,"DP-diffuse",5,"Bimodal_200_0.9_5_DP-diffuse"
"572","Bimodal",200,0.9,5,"DP-EB",5,"Bimodal_200_0.9_5_DP-EB"
"573","Bimodal",200,0.9,10,"Gaussian",5,"Bimodal_200_0.9_10_Gaussian"
"574","Bimodal",200,0.9,10,"T",5,"Bimodal_200_0.9_10_T"
"575","Bimodal",200,0.9,10,"DP-diffuse",5,"Bimodal_200_0.9_10_DP-diffuse"
"576","Bimodal",200,0.9,10,"DP-EB",5,"Bimodal_200_0.9_10_DP-EB"
"577","Skew",25,0.1,1,"Gaussian",5,"Skew_25_0.1_1_Gaussian"
"578","Skew",25,0.1,1,"T",5,"Skew_25_0.1_1_T"
"579","Skew",25,0.1,1,"DP-diffuse",5,"Skew_25_0.1_1_DP-diffuse"
"580","Skew",25,0.1,1,"DP-EB",5,"Skew_25_0.1_1_DP-EB"
"581","Skew",25,0.1,5,"Gaussian",5,"Skew_25_0.1_5_Gaussian"
"582","Skew",25,0.1,5,"T",5,"Skew_25_0.1_5_T"
"583","Skew",25,0.1,5,"DP-diffuse",5,"Skew_25_0.1_5_DP-diffuse"
"584","Skew",25,0.1,5,"DP-EB",5,"Skew_25_0.1_5_DP-EB"
"585","Skew",25,0.1,10,"Gaussian",5,"Skew_25_0.1_10_Gaussian"
"586","Skew",25,0.1,10,"T",5,"Skew_25_0.1_10_T"
"587","Skew",25,0.1,10,"DP-diffuse",5,"Skew_25_0.1_10_DP-diffuse"
"588","Skew",25,0.1,10,"DP-EB",5,"Skew_25_0.1_10_DP-EB"
"589","Skew",25,0.5,1,"Gaussian",5,"Skew_25_0.5_1_Gaussian"
"590","Skew",25,0.5,1,"T",5,"Skew_25_0.5_1_T"
"591","Skew",25,0.5,1,"DP-diffuse",5,"Skew_25_0.5_1_DP-diffuse"
"592","Skew",25,0.5,1,"DP-EB",5,"Skew_25_0.5_1_DP-EB"
"593","Skew",25,0.5,5,"Gaussian",5,"Skew_25_0.5_5_Gaussian"
"594","Skew",25,0.5,5,"T",5,"Skew_25_0.5_5_T"
"595","Skew",25,0.5,5,"DP-diffuse",5,"Skew_25_0.5_5_DP-diffuse"
"596","Skew",25,0.5,5,"DP-EB",5,"Skew_25_0.5_5_DP-EB"
"597","Skew",25,0.5,10,"Gaussian",5,"Skew_25_0.5_10_Gaussian"
"598","Skew",25,0.5,10,"T",5,"Skew_25_0.5_10_T"
"599","Skew",25,0.5,10,"DP-diffuse",5,"Skew_25_0.5_10_DP-diffuse"
"600","Skew",25,0.5,10,"DP-EB",5,"Skew_25_0.5_10_DP-EB"
"601","Skew",25,0.9,1,"Gaussian",5,"Skew_25_0.9_1_Gaussian"
"602","Skew",25,0.9,1,"T",5,"Skew_25_0.9_1_T"
"603","Skew",25,0.9,1,"DP-diffuse",5,"Skew_25_0.9_1_DP-diffuse"
"604","Skew",25,0.9,1,"DP-EB",5,"Skew_25_0.9_1_DP-EB"
"605","Skew",25,0.9,5,"Gaussian",5,"Skew_25_0.9_5_Gaussian"
"606","Skew",25,0.9,5,"T",5,"Skew_25_0.9_5_T"
"607","Skew",25,0.9,5,"DP-diffuse",5,"Skew_25_0.9_5_DP-diffuse"
"608","Skew",25,0.9,5,"DP-EB",5,"Skew_25_0.9_5_DP-EB"
"609","Skew",25,0.9,10,"Gaussian",5,"Skew_25_0.9_10_Gaussian"
"610","Skew",25,0.9,10,"T",5,"Skew_25_0.9_10_T"
"611","Skew",25,0.9,10,"DP-diffuse",5,"Skew_25_0.9_10_DP-diffuse"
"612","Skew",25,0.9,10,"DP-EB",5,"Skew_25_0.9_10_DP-EB"
"613","Skew",50,0.1,1,"Gaussian",5,"Skew_50_0.1_1_Gaussian"
"614","Skew",50,0.1,1,"T",5,"Skew_50_0.1_1_T"
"615","Skew",50,0.1,1,"DP-diffuse",5,"Skew_50_0.1_1_DP-diffuse"
"616","Skew",50,0.1,1,"DP-EB",5,"Skew_50_0.1_1_DP-EB"
"617","Skew",50,0.1,5,"Gaussian",5,"Skew_50_0.1_5_Gaussian"
"618","Skew",50,0.1,5,"T",5,"Skew_50_0.1_5_T"
"619","Skew",50,0.1,5,"DP-diffuse",5,"Skew_50_0.1_5_DP-diffuse"
"620","Skew",50,0.1,5,"DP-EB",5,"Skew_50_0.1_5_DP-EB"
"621","Skew",50,0.1,10,"Gaussian",5,"Skew_50_0.1_10_Gaussian"
"622","Skew",50,0.1,10,"T",5,"Skew_50_0.1_10_T"
"623","Skew",50,0.1,10,"DP-diffuse",5,"Skew_50_0.1_10_DP-diffuse"
"624","Skew",50,0.1,10,"DP-EB",5,"Skew_50_0.1_10_DP-EB"
"625","Skew",50,0.5,1,"Gaussian",5,"Skew_50_0.5_1_Gaussian"
"626","Skew",50,0.5,1,"T",5,"Skew_50_0.5_1_T"
"627","Skew",50,0.5,1,"DP-diffuse",5,"Skew_50_0.5_1_DP-diffuse"
"628","Skew",50,0.5,1,"DP-EB",5,"Skew_50_0.5_1_DP-EB"
"629","Skew",50,0.5,5,"Gaussian",5,"Skew_50_0.5_5_Gaussian"
"630","Skew",50,0.5,5,"T",5,"Skew_50_0.5_5_T"
"631","Skew",50,0.5,5,"DP-diffuse",5,"Skew_50_0.5_5_DP-diffuse"
"632","Skew",50,0.5,5,"DP-EB",5,"Skew_50_0.5_5_DP-EB"
"633","Skew",50,0.5,10,"Gaussian",5,"Skew_50_0.5_10_Gaussian"
"634","Skew",50,0.5,10,"T",5,"Skew_50_0.5_10_T"
"635","Skew",50,0.5,10,"DP-diffuse",5,"Skew_50_0.5_10_DP-diffuse"
"636","Skew",50,0.5,10,"DP-EB",5,"Skew_50_0.5_10_DP-EB"
"637","Skew",50,0.9,1,"Gaussian",5,"Skew_50_0.9_1_Gaussian"
"638","Skew",50,0.9,1,"T",5,"Skew_50_0.9_1_T"
"639","Skew",50,0.9,1,"DP-diffuse",5,"Skew_50_0.9_1_DP-diffuse"
"640","Skew",50,0.9,1,"DP-EB",5,"Skew_50_0.9_1_DP-EB"
"641","Skew",50,0.9,5,"Gaussian",5,"Skew_50_0.9_5_Gaussian"
"642","Skew",50,0.9,5,"T",5,"Skew_50_0.9_5_T"
"643","Skew",50,0.9,5,"DP-diffuse",5,"Skew_50_0.9_5_DP-diffuse"
"644","Skew",50,0.9,5,"DP-EB",5,"Skew_50_0.9_5_DP-EB"
"645","Skew",50,0.9,10,"Gaussian",5,"Skew_50_0.9_10_Gaussian"
"646","Skew",50,0.9,10,"T",5,"Skew_50_0.9_10_T"
"647","Skew",50,0.9,10,"DP-diffuse",5,"Skew_50_0.9_10_DP-diffuse"
"648","Skew",50,0.9,10,"DP-EB",5,"Skew_50_0.9_10_DP-EB"
"649","Skew",100,0.1,1,"Gaussian",5,"Skew_100_0.1_1_Gaussian"
"650","Skew",100,0.1,1,"T",5,"Skew_100_0.1_1_T"
"651","Skew",100,0.1,1,"DP-diffuse",5,"Skew_100_0.1_1_DP-diffuse"
"652","Skew",100,0.1,1,"DP-EB",5,"Skew_100_0.1_1_DP-EB"
"653","Skew",100,0.1,5,"Gaussian",5,"Skew_100_0.1_5_Gaussian"
"654","Skew",100,0.1,5,"T",5,"Skew_100_0.1_5_T"
"655","Skew",100,0.1,5,"DP-diffuse",5,"Skew_100_0.1_5_DP-diffuse"
"656","Skew",100,0.1,5,"DP-EB",5,"Skew_100_0.1_5_DP-EB"
"657","Skew",100,0.1,10,"Gaussian",5,"Skew_100_0.1_10_Gaussian"
"658","Skew",100,0.1,10,"T",5,"Skew_100_0.1_10_T"
"659","Skew",100,0.1,10,"DP-diffuse",5,"Skew_100_0.1_10_DP-diffuse"
"660","Skew",100,0.1,10,"DP-EB",5,"Skew_100_0.1_10_DP-EB"
"661","Skew",100,0.5,1,"Gaussian",5,"Skew_100_0.5_1_Gaussian"
"662","Skew",100,0.5,1,"T",5,"Skew_100_0.5_1_T"
"663","Skew",100,0.5,1,"DP-diffuse",5,"Skew_100_0.5_1_DP-diffuse"
"664","Skew",100,0.5,1,"DP-EB",5,"Skew_100_0.5_1_DP-EB"
"665","Skew",100,0.5,5,"Gaussian",5,"Skew_100_0.5_5_Gaussian"
"666","Skew",100,0.5,5,"T",5,"Skew_100_0.5_5_T"
"667","Skew",100,0.5,5,"DP-diffuse",5,"Skew_100_0.5_5_DP-diffuse"
"668","Skew",100,0.5,5,"DP-EB",5,"Skew_100_0.5_5_DP-EB"
"669","Skew",100,0.5,10,"Gaussian",5,"Skew_100_0.5_10_Gaussian"
"670","Skew",100,0.5,10,"T",5,"Skew_100_0.5_10_T"
"671","Skew",100,0.5,10,"DP-diffuse",5,"Skew_100_0.5_10_DP-diffuse"
"672","Skew",100,0.5,10,"DP-EB",5,"Skew_100_0.5_10_DP-EB"
"673","Skew",100,0.9,1,"Gaussian",5,"Skew_100_0.9_1_Gaussian"
"674","Skew",100,0.9,1,"T",5,"Skew_100_0.9_1_T"
"675","Skew",100,0.9,1,"DP-diffuse",5,"Skew_100_0.9_1_DP-diffuse"
"676","Skew",100,0.9,1,"DP-EB",5,"Skew_100_0.9_1_DP-EB"
"677","Skew",100,0.9,5,"Gaussian",5,"Skew_100_0.9_5_Gaussian"
"678","Skew",100,0.9,5,"T",5,"Skew_100_0.9_5_T"
"679","Skew",100,0.9,5,"DP-diffuse",5,"Skew_100_0.9_5_DP-diffuse"
"680","Skew",100,0.9,5,"DP-EB",5,"Skew_100_0.9_5_DP-EB"
"681","Skew",100,0.9,10,"Gaussian",5,"Skew_100_0.9_10_Gaussian"
"682","Skew",100,0.9,10,"T",5,"Skew_100_0.9_10_T"
"683","Skew",100,0.9,10,"DP-diffuse",5,"Skew_100_0.9_10_DP-diffuse"
"684","Skew",100,0.9,10,"DP-EB",5,"Skew_100_0.9_10_DP-EB"
"685","Skew",200,0.1,1,"Gaussian",5,"Skew_200_0.1_1_Gaussian"
"686","Skew",200,0.1,1,"T",5,"Skew_200_0.1_1_T"
"687","Skew",200,0.1,1,"DP-diffuse",5,"Skew_200_0.1_1_DP-diffuse"
"688","Skew",200,0.1,1,"DP-EB",5,"Skew_200_0.1_1_DP-EB"
"689","Skew",200,0.1,5,"Gaussian",5,"Skew_200_0.1_5_Gaussian"
"690","Skew",200,0.1,5,"T",5,"Skew_200_0.1_5_T"
"691","Skew",200,0.1,5,"DP-diffuse",5,"Skew_200_0.1_5_DP-diffuse"
"692","Skew",200,0.1,5,"DP-EB",5,"Skew_200_0.1_5_DP-EB"
"693","Skew",200,0.1,10,"Gaussian",5,"Skew_200_0.1_10_Gaussian"
"694","Skew",200,0.1,10,"T",5,"Skew_200_0.1_10_T"
"695","Skew",200,0.1,10,"DP-diffuse",5,"Skew_200_0.1_10_DP-diffuse"
"696","Skew",200,0.1,10,"DP-EB",5,"Skew_200_0.1_10_DP-EB"
"697","Skew",200,0.5,1,"Gaussian",5,"Skew_200_0.5_1_Gaussian"
"698","Skew",200,0.5,1,"T",5,"Skew_200_0.5_1_T"
"699","Skew",200,0.5,1,"DP-diffuse",5,"Skew_200_0.5_1_DP-diffuse"
"700","Skew",200,0.5,1,"DP-EB",5,"Skew_200_0.5_1_DP-EB"
"701","Skew",200,0.5,5,"Gaussian",5,"Skew_200_0.5_5_Gaussian"
"702","Skew",200,0.5,5,"T",5,"Skew_200_0.5_5_T"
"703","Skew",200,0.5,5,"DP-diffuse",5,"Skew_200_0.5_5_DP-diffuse"
"704","Skew",200,0.5,5,"DP-EB",5,"Skew_200_0.5_5_DP-EB"
"705","Skew",200,0.5,10,"Gaussian",5,"Skew_200_0.5_10_Gaussian"
"706","Skew",200,0.5,10,"T",5,"Skew_200_0.5_10_T"
"707","Skew",200,0.5,10,"DP-diffuse",5,"Skew_200_0.5_10_DP-diffuse"
"708","Skew",200,0.5,10,"DP-EB",5,"Skew_200_0.5_10_DP-EB"
"709","Skew",200,0.9,1,"Gaussian",5,"Skew_200_0.9_1_Gaussian"
"710","Skew",200,0.9,1,"T",5,"Skew_200_0.9_1_T"
"711","Skew",200,0.9,1,"DP-diffuse",5,"Skew_200_0.9_1_DP-diffuse"
"712","Skew",200,0.9,1,"DP-EB",5,"Skew_200_0.9_1_DP-EB"
"713","Skew",200,0.9,5,"Gaussian",5,"Skew_200_0.9_5_Gaussian"
"714","Skew",200,0.9,5,"T",5,"Skew_200_0.9_5_T"
"715","Skew",200,0.9,5,"DP-diffuse",5,"Skew_200_0.9_5_DP-diffuse"
"716","Skew",200,0.9,5,"DP-EB",5,"Skew_200_0.9_5_DP-EB"
"717","Skew",200,0.9,10,"Gaussian",5,"Skew_200_0.9_10_Gaussian"
"718","Skew",200,0.9,10,"T",5,"Skew_200_0.9_10_T"
"719","Skew",200,0.9,10,"DP-diffuse",5,"Skew_200_0.9_10_DP-diffuse"
"720","Skew",200,0.9,10,"DP-EB",5,"Skew_200_0.9_10_DP-EB"
"721","Mixed",25,0.1,1,"Gaussian",5,"Mixed_25_0.1_1_Gaussian"
"722","Mixed",25,0.1,1,"T",5,"Mixed_25_0.1_1_T"
"723","Mixed",25,0.1,1,"DP-diffuse",5,"Mixed_25_0.1_1_DP-diffuse"
"724","Mixed",25,0.1,1,"DP-EB",5,"Mixed_25_0.1_1_DP-EB"
"725","Mixed",25,0.1,5,"Gaussian",5,"Mixed_25_0.1_5_Gaussian"
"726","Mixed",25,0.1,5,"T",5,"Mixed_25_0.1_5_T"
"727","Mixed",25,0.1,5,"DP-diffuse",5,"Mixed_25_0.1_5_DP-diffuse"
"728","Mixed",25,0.1,5,"DP-EB",5,"Mixed_25_0.1_5_DP-EB"
"729","Mixed",25,0.1,10,"Gaussian",5,"Mixed_25_0.1_10_Gaussian"
"730","Mixed",25,0.1,10,"T",5,"Mixed_25_0.1_10_T"
"731","Mixed",25,0.1,10,"DP-diffuse",5,"Mixed_25_0.1_10_DP-diffuse"
"732","Mixed",25,0.1,10,"DP-EB",5,"Mixed_25_0.1_10_DP-EB"
"733","Mixed",25,0.5,1,"Gaussian",5,"Mixed_25_0.5_1_Gaussian"
"734","Mixed",25,0.5,1,"T",5,"Mixed_25_0.5_1_T"
"735","Mixed",25,0.5,1,"DP-diffuse",5,"Mixed_25_0.5_1_DP-diffuse"
"736","Mixed",25,0.5,1,"DP-EB",5,"Mixed_25_0.5_1_DP-EB"
"737","Mixed",25,0.5,5,"Gaussian",5,"Mixed_25_0.5_5_Gaussian"
"738","Mixed",25,0.5,5,"T",5,"Mixed_25_0.5_5_T"
"739","Mixed",25,0.5,5,"DP-diffuse",5,"Mixed_25_0.5_5_DP-diffuse"
"740","Mixed",25,0.5,5,"DP-EB",5,"Mixed_25_0.5_5_DP-EB"
"741","Mixed",25,0.5,10,"Gaussian",5,"Mixed_25_0.5_10_Gaussian"
"742","Mixed",25,0.5,10,"T",5,"Mixed_25_0.5_10_T"
"743","Mixed",25,0.5,10,"DP-diffuse",5,"Mixed_25_0.5_10_DP-diffuse"
"744","Mixed",25,0.5,10,"DP-EB",5,"Mixed_25_0.5_10_DP-EB"
"745","Mixed",25,0.9,1,"Gaussian",5,"Mixed_25_0.9_1_Gaussian"
"746","Mixed",25,0.9,1,"T",5,"Mixed_25_0.9_1_T"
"747","Mixed",25,0.9,1,"DP-diffuse",5,"Mixed_25_0.9_1_DP-diffuse"
"748","Mixed",25,0.9,1,"DP-EB",5,"Mixed_25_0.9_1_DP-EB"
"749","Mixed",25,0.9,5,"Gaussian",5,"Mixed_25_0.9_5_Gaussian"
"750","Mixed",25,0.9,5,"T",5,"Mixed_25_0.9_5_T"
"751","Mixed",25,0.9,5,"DP-diffuse",5,"Mixed_25_0.9_5_DP-diffuse"
"752","Mixed",25,0.9,5,"DP-EB",5,"Mixed_25_0.9_5_DP-EB"
"753","Mixed",25,0.9,10,"Gaussian",5,"Mixed_25_0.9_10_Gaussian"
"754","Mixed",25,0.9,10,"T",5,"Mixed_25_0.9_10_T"
"755","Mixed",25,0.9,10,"DP-diffuse",5,"Mixed_25_0.9_10_DP-diffuse"
"756","Mixed",25,0.9,10,"DP-EB",5,"Mixed_25_0.9_10_DP-EB"
"757","Mixed",50,0.1,1,"Gaussian",5,"Mixed_50_0.1_1_Gaussian"
"758","Mixed",50,0.1,1,"T",5,"Mixed_50_0.1_1_T"
"759","Mixed",50,0.1,1,"DP-diffuse",5,"Mixed_50_0.1_1_DP-diffuse"
"760","Mixed",50,0.1,1,"DP-EB",5,"Mixed_50_0.1_1_DP-EB"
"761","Mixed",50,0.1,5,"Gaussian",5,"Mixed_50_0.1_5_Gaussian"
"762","Mixed",50,0.1,5,"T",5,"Mixed_50_0.1_5_T"
"763","Mixed",50,0.1,5,"DP-diffuse",5,"Mixed_50_0.1_5_DP-diffuse"
"764","Mixed",50,0.1,5,"DP-EB",5,"Mixed_50_0.1_5_DP-EB"
"765","Mixed",50,0.1,10,"Gaussian",5,"Mixed_50_0.1_10_Gaussian"
"766","Mixed",50,0.1,10,"T",5,"Mixed_50_0.1_10_T"
"767","Mixed",50,0.1,10,"DP-diffuse",5,"Mixed_50_0.1_10_DP-diffuse"
"768","Mixed",50,0.1,10,"DP-EB",5,"Mixed_50_0.1_10_DP-EB"
"769","Mixed",50,0.5,1,"Gaussian",5,"Mixed_50_0.5_1_Gaussian"
"770","Mixed",50,0.5,1,"T",5,"Mixed_50_0.5_1_T"
"771","Mixed",50,0.5,1,"DP-diffuse",5,"Mixed_50_0.5_1_DP-diffuse"
"772","Mixed",50,0.5,1,"DP-EB",5,"Mixed_50_0.5_1_DP-EB"
"773","Mixed",50,0.5,5,"Gaussian",5,"Mixed_50_0.5_5_Gaussian"
"774","Mixed",50,0.5,5,"T",5,"Mixed_50_0.5_5_T"
"775","Mixed",50,0.5,5,"DP-diffuse",5,"Mixed_50_0.5_5_DP-diffuse"
"776","Mixed",50,0.5,5,"DP-EB",5,"Mixed_50_0.5_5_DP-EB"
"777","Mixed",50,0.5,10,"Gaussian",5,"Mixed_50_0.5_10_Gaussian"
"778","Mixed",50,0.5,10,"T",5,"Mixed_50_0.5_10_T"
"779","Mixed",50,0.5,10,"DP-diffuse",5,"Mixed_50_0.5_10_DP-diffuse"
"780","Mixed",50,0.5,10,"DP-EB",5,"Mixed_50_0.5_10_DP-EB"
"781","Mixed",50,0.9,1,"Gaussian",5,"Mixed_50_0.9_1_Gaussian"
"782","Mixed",50,0.9,1,"T",5,"Mixed_50_0.9_1_T"
"783","Mixed",50,0.9,1,"DP-diffuse",5,"Mixed_50_0.9_1_DP-diffuse"
"784","Mixed",50,0.9,1,"DP-EB",5,"Mixed_50_0.9_1_DP-EB"
"785","Mixed",50,0.9,5,"Gaussian",5,"Mixed_50_0.9_5_Gaussian"
"786","Mixed",50,0.9,5,"T",5,"Mixed_50_0.9_5_T"
"787","Mixed",50,0.9,5,"DP-diffuse",5,"Mixed_50_0.9_5_DP-diffuse"
"788","Mixed",50,0.9,5,"DP-EB",5,"Mixed_50_0.9_5_DP-EB"
"789","Mixed",50,0.9,10,"Gaussian",5,"Mixed_50_0.9_10_Gaussian"
"790","Mixed",50,0.9,10,"T",5,"Mixed_50_0.9_10_T"
"791","Mixed",50,0.9,10,"DP-diffuse",5,"Mixed_50_0.9_10_DP-diffuse"
"792","Mixed",50,0.9,10,"DP-EB",5,"Mixed_50_0.9_10_DP-EB"
"793","Mixed",100,0.1,1,"Gaussian",5,"Mixed_100_0.1_1_Gaussian"
"794","Mixed",100,0.1,1,"T",5,"Mixed_100_0.1_1_T"
"795","Mixed",100,0.1,1,"DP-diffuse",5,"Mixed_100_0.1_1_DP-diffuse"
"796","Mixed",100,0.1,1,"DP-EB",5,"Mixed_100_0.1_1_DP-EB"
"797","Mixed",100,0.1,5,"Gaussian",5,"Mixed_100_0.1_5_Gaussian"
"798","Mixed",100,0.1,5,"T",5,"Mixed_100_0.1_5_T"
"799","Mixed",100,0.1,5,"DP-diffuse",5,"Mixed_100_0.1_5_DP-diffuse"
"800","Mixed",100,0.1,5,"DP-EB",5,"Mixed_100_0.1_5_DP-EB"
"801","Mixed",100,0.1,10,"Gaussian",5,"Mixed_100_0.1_10_Gaussian"
"802","Mixed",100,0.1,10,"T",5,"Mixed_100_0.1_10_T"
"803","Mixed",100,0.1,10,"DP-diffuse",5,"Mixed_100_0.1_10_DP-diffuse"
"804","Mixed",100,0.1,10,"DP-EB",5,"Mixed_100_0.1_10_DP-EB"
"805","Mixed",100,0.5,1,"Gaussian",5,"Mixed_100_0.5_1_Gaussian"
"806","Mixed",100,0.5,1,"T",5,"Mixed_100_0.5_1_T"
"807","Mixed",100,0.5,1,"DP-diffuse",5,"Mixed_100_0.5_1_DP-diffuse"
"808","Mixed",100,0.5,1,"DP-EB",5,"Mixed_100_0.5_1_DP-EB"
"809","Mixed",100,0.5,5,"Gaussian",5,"Mixed_100_0.5_5_Gaussian"
"810","Mixed",100,0.5,5,"T",5,"Mixed_100_0.5_5_T"
"811","Mixed",100,0.5,5,"DP-diffuse",5,"Mixed_100_0.5_5_DP-diffuse"
"812","Mixed",100,0.5,5,"DP-EB",5,"Mixed_100_0.5_5_DP-EB"
"813","Mixed",100,0.5,10,"Gaussian",5,"Mixed_100_0.5_10_Gaussian"
"814","Mixed",100,0.5,10,"T",5,"Mixed_100_0.5_10_T"
"815","Mixed",100,0.5,10,"DP-diffuse",5,"Mixed_100_0.5_10_DP-diffuse"
"816","Mixed",100,0.5,10,"DP-EB",5,"Mixed_100_0.5_10_DP-EB"
"817","Mixed",100,0.9,1,"Gaussian",5,"Mixed_100_0.9_1_Gaussian"
"818","Mixed",100,0.9,1,"T",5,"Mixed_100_0.9_1_T"
"819","Mixed",100,0.9,1,"DP-diffuse",5,"Mixed_100_0.9_1_DP-diffuse"
"820","Mixed",100,0.9,1,"DP-EB",5,"Mixed_100_0.9_1_DP-EB"
"821","Mixed",100,0.9,5,"Gaussian",5,"Mixed_100_0.9_5_Gaussian"
"822","Mixed",100,0.9,5,"T",5,"Mixed_100_0.9_5_T"
"823","Mixed",100,0.9,5,"DP-diffuse",5,"Mixed_100_0.9_5_DP-diffuse"
"824","Mixed",100,0.9,5,"DP-EB",5,"Mixed_100_0.9_5_DP-EB"
"825","Mixed",100,0.9,10,"Gaussian",5,"Mixed_100_0.9_10_Gaussian"
"826","Mixed",100,0.9,10,"T",5,"Mixed_100_0.9_10_T"
"827","Mixed",100,0.9,10,"DP-diffuse",5,"Mixed_100_0.9_10_DP-diffuse"
"828","Mixed",100,0.9,10,"DP-EB",5,"Mixed_100_0.9_10_DP-EB"
"829","Mixed",200,0.1,1,"Gaussian",5,"Mixed_200_0.1_1_Gaussian"
"830","Mixed",200,0.1,1,"T",5,"Mixed_200_0.1_1_T"
"831","Mixed",200,0.1,1,"DP-diffuse",5,"Mixed_200_0.1_1_DP-diffuse"
"832","Mixed",200,0.1,1,"DP-EB",5,"Mixed_200_0.1_1_DP-EB"
"833","Mixed",200,0.1,5,"Gaussian",5,"Mixed_200_0.1_5_Gaussian"
"834","Mixed",200,0.1,5,"T",5,"Mixed_200_0.1_5_T"
"835","Mixed",200,0.1,5,"DP-diffuse",5,"Mixed_200_0.1_5_DP-diffuse"
"836","Mixed",200,0.1,5,"DP-EB",5,"Mixed_200_0.1_5_DP-EB"
"837","Mixed",200,0.1,10,"Gaussian",5,"Mixed_200_0.1_10_Gaussian"
"838","Mixed",200,0.1,10,"T",5,"Mixed_200_0.1_10_T"
"839","Mixed",200,0.1,10,"DP-diffuse",5,"Mixed_200_0.1_10_DP-diffuse"
"840","Mixed",200,0.1,10,"DP-EB",5,"Mixed_200_0.1_10_DP-EB"
"841","Mixed",200,0.5,1,"Gaussian",5,"Mixed_200_0.5_1_Gaussian"
"842","Mixed",200,0.5,1,"T",5,"Mixed_200_0.5_1_T"
"843","Mixed",200,0.5,1,"DP-diffuse",5,"Mixed_200_0.5_1_DP-diffuse"
"844","Mixed",200,0.5,1,"DP-EB",5,"Mixed_200_0.5_1_DP-EB"
"845","Mixed",200,0.5,5,"Gaussian",5,"Mixed_200_0.5_5_Gaussian"
"846","Mixed",200,0.5,5,"T",5,"Mixed_200_0.5_5_T"
"847","Mixed",200,0.5,5,"DP-diffuse",5,"Mixed_200_0.5_5_DP-diffuse"
"848","Mixed",200,0.5,5,"DP-EB",5,"Mixed_200_0.5_5_DP-EB"
"849","Mixed",200,0.5,10,"Gaussian",5,"Mixed_200_0.5_10_Gaussian"
"850","Mixed",200,0.5,10,"T",5,"Mixed_200_0.5_10_T"
"851","Mixed",200,0.5,10,"DP-diffuse",5,"Mixed_200_0.5_10_DP-diffuse"
"852","Mixed",200,0.5,10,"DP-EB",5,"Mixed_200_0.5_10_DP-EB"
"853","Mixed",200,0.9,1,"Gaussian",5,"Mixed_200_0.9_1_Gaussian"
"854","Mixed",200,0.9,1,"T",5,"Mixed_200_0.9_1_T"
"855","Mixed",200,0.9,1,"DP-diffuse",5,"Mixed_200_0.9_1_DP-diffuse"
"856","Mixed",200,0.9,1,"DP-EB",5,"Mixed_200_0.9_1_DP-EB"
"857","Mixed",200,0.9,5,"Gaussian",5,"Mixed_200_0.9_5_Gaussian"
"858","Mixed",200,0.9,5,"T",5,"Mixed_200_0.9_5_T"
"859","Mixed",200,0.9,5,"DP-diffuse",5,"Mixed_200_0.9_5_DP-diffuse"
"860","Mixed",200,0.9,5,"DP-EB",5,"Mixed_200_0.9_5_DP-EB"
"861","Mixed",200,0.9,10,"Gaussian",5,"Mixed_200_0.9_10_Gaussian"
"862","Mixed",200,0.9,10,"T",5,"Mixed_200_0.9_10_T"
"863","Mixed",200,0.9,10,"DP-diffuse",5,"Mixed_200_0.9_10_DP-diffuse"
"864","Mixed",200,0.9,10,"DP-EB",5,"Mixed_200_0.9_10_DP-EB"
