"","truth","N","ICC","rsr","assumed","df","fname","dg_name"
"1","Gaussian",25,0.1,1,"Gaussian",5,"Gaussian_25_0.1_1_Gaussian","Gaussian_25_0.1_1"
"2","Gaussian",25,0.1,1,"T",5,"Gaussian_25_0.1_1_T","Gaussian_25_0.1_1"
"3","Gaussian",25,0.1,1,"DP-diffuse",5,"Gaussian_25_0.1_1_DP-diffuse","Gaussian_25_0.1_1"
"4","Gaussian",25,0.1,1,"DP-EB",5,"Gaussian_25_0.1_1_DP-EB","Gaussian_25_0.1_1"
"5","Gaussian",25,0.1,5,"Gaussian",5,"Gaussian_25_0.1_5_Gaussian","Gaussian_25_0.1_5"
"6","Gaussian",25,0.1,5,"T",5,"Gaussian_25_0.1_5_T","Gaussian_25_0.1_5"
"7","Gaussian",25,0.1,5,"DP-diffuse",5,"Gaussian_25_0.1_5_DP-diffuse","Gaussian_25_0.1_5"
"8","Gaussian",25,0.1,5,"DP-EB",5,"Gaussian_25_0.1_5_DP-EB","Gaussian_25_0.1_5"
"9","Gaussian",25,0.1,10,"Gaussian",5,"Gaussian_25_0.1_10_Gaussian","Gaussian_25_0.1_10"
"10","Gaussian",25,0.1,10,"T",5,"Gaussian_25_0.1_10_T","Gaussian_25_0.1_10"
"11","Gaussian",25,0.1,10,"DP-diffuse",5,"Gaussian_25_0.1_10_DP-diffuse","Gaussian_25_0.1_10"
"12","Gaussian",25,0.1,10,"DP-EB",5,"Gaussian_25_0.1_10_DP-EB","Gaussian_25_0.1_10"
"13","Gaussian",25,0.5,1,"Gaussian",5,"Gaussian_25_0.5_1_Gaussian","Gaussian_25_0.5_1"
"14","Gaussian",25,0.5,1,"T",5,"Gaussian_25_0.5_1_T","Gaussian_25_0.5_1"
"15","Gaussian",25,0.5,1,"DP-diffuse",5,"Gaussian_25_0.5_1_DP-diffuse","Gaussian_25_0.5_1"
"16","Gaussian",25,0.5,1,"DP-EB",5,"Gaussian_25_0.5_1_DP-EB","Gaussian_25_0.5_1"
"17","Gaussian",25,0.5,5,"Gaussian",5,"Gaussian_25_0.5_5_Gaussian","Gaussian_25_0.5_5"
"18","Gaussian",25,0.5,5,"T",5,"Gaussian_25_0.5_5_T","Gaussian_25_0.5_5"
"19","Gaussian",25,0.5,5,"DP-diffuse",5,"Gaussian_25_0.5_5_DP-diffuse","Gaussian_25_0.5_5"
"20","Gaussian",25,0.5,5,"DP-EB",5,"Gaussian_25_0.5_5_DP-EB","Gaussian_25_0.5_5"
"21","Gaussian",25,0.5,10,"Gaussian",5,"Gaussian_25_0.5_10_Gaussian","Gaussian_25_0.5_10"
"22","Gaussian",25,0.5,10,"T",5,"Gaussian_25_0.5_10_T","Gaussian_25_0.5_10"
"23","Gaussian",25,0.5,10,"DP-diffuse",5,"Gaussian_25_0.5_10_DP-diffuse","Gaussian_25_0.5_10"
"24","Gaussian",25,0.5,10,"DP-EB",5,"Gaussian_25_0.5_10_DP-EB","Gaussian_25_0.5_10"
"25","Gaussian",25,0.9,1,"Gaussian",5,"Gaussian_25_0.9_1_Gaussian","Gaussian_25_0.9_1"
"26","Gaussian",25,0.9,1,"T",5,"Gaussian_25_0.9_1_T","Gaussian_25_0.9_1"
"27","Gaussian",25,0.9,1,"DP-diffuse",5,"Gaussian_25_0.9_1_DP-diffuse","Gaussian_25_0.9_1"
"28","Gaussian",25,0.9,1,"DP-EB",5,"Gaussian_25_0.9_1_DP-EB","Gaussian_25_0.9_1"
"29","Gaussian",25,0.9,5,"Gaussian",5,"Gaussian_25_0.9_5_Gaussian","Gaussian_25_0.9_5"
"30","Gaussian",25,0.9,5,"T",5,"Gaussian_25_0.9_5_T","Gaussian_25_0.9_5"
"31","Gaussian",25,0.9,5,"DP-diffuse",5,"Gaussian_25_0.9_5_DP-diffuse","Gaussian_25_0.9_5"
"32","Gaussian",25,0.9,5,"DP-EB",5,"Gaussian_25_0.9_5_DP-EB","Gaussian_25_0.9_5"
"33","Gaussian",25,0.9,10,"Gaussian",5,"Gaussian_25_0.9_10_Gaussian","Gaussian_25_0.9_10"
"34","Gaussian",25,0.9,10,"T",5,"Gaussian_25_0.9_10_T","Gaussian_25_0.9_10"
"35","Gaussian",25,0.9,10,"DP-diffuse",5,"Gaussian_25_0.9_10_DP-diffuse","Gaussian_25_0.9_10"
"36","Gaussian",25,0.9,10,"DP-EB",5,"Gaussian_25_0.9_10_DP-EB","Gaussian_25_0.9_10"
"37","Gaussian",50,0.1,1,"Gaussian",5,"Gaussian_50_0.1_1_Gaussian","Gaussian_50_0.1_1"
"38","Gaussian",50,0.1,1,"T",5,"Gaussian_50_0.1_1_T","Gaussian_50_0.1_1"
"39","Gaussian",50,0.1,1,"DP-diffuse",5,"Gaussian_50_0.1_1_DP-diffuse","Gaussian_50_0.1_1"
"40","Gaussian",50,0.1,1,"DP-EB",5,"Gaussian_50_0.1_1_DP-EB","Gaussian_50_0.1_1"
"41","Gaussian",50,0.1,5,"Gaussian",5,"Gaussian_50_0.1_5_Gaussian","Gaussian_50_0.1_5"
"42","Gaussian",50,0.1,5,"T",5,"Gaussian_50_0.1_5_T","Gaussian_50_0.1_5"
"43","Gaussian",50,0.1,5,"DP-diffuse",5,"Gaussian_50_0.1_5_DP-diffuse","Gaussian_50_0.1_5"
"44","Gaussian",50,0.1,5,"DP-EB",5,"Gaussian_50_0.1_5_DP-EB","Gaussian_50_0.1_5"
"45","Gaussian",50,0.1,10,"Gaussian",5,"Gaussian_50_0.1_10_Gaussian","Gaussian_50_0.1_10"
"46","Gaussian",50,0.1,10,"T",5,"Gaussian_50_0.1_10_T","Gaussian_50_0.1_10"
"47","Gaussian",50,0.1,10,"DP-diffuse",5,"Gaussian_50_0.1_10_DP-diffuse","Gaussian_50_0.1_10"
"48","Gaussian",50,0.1,10,"DP-EB",5,"Gaussian_50_0.1_10_DP-EB","Gaussian_50_0.1_10"
"49","Gaussian",50,0.5,1,"Gaussian",5,"Gaussian_50_0.5_1_Gaussian","Gaussian_50_0.5_1"
"50","Gaussian",50,0.5,1,"T",5,"Gaussian_50_0.5_1_T","Gaussian_50_0.5_1"
"51","Gaussian",50,0.5,1,"DP-diffuse",5,"Gaussian_50_0.5_1_DP-diffuse","Gaussian_50_0.5_1"
"52","Gaussian",50,0.5,1,"DP-EB",5,"Gaussian_50_0.5_1_DP-EB","Gaussian_50_0.5_1"
"53","Gaussian",50,0.5,5,"Gaussian",5,"Gaussian_50_0.5_5_Gaussian","Gaussian_50_0.5_5"
"54","Gaussian",50,0.5,5,"T",5,"Gaussian_50_0.5_5_T","Gaussian_50_0.5_5"
"55","Gaussian",50,0.5,5,"DP-diffuse",5,"Gaussian_50_0.5_5_DP-diffuse","Gaussian_50_0.5_5"
"56","Gaussian",50,0.5,5,"DP-EB",5,"Gaussian_50_0.5_5_DP-EB","Gaussian_50_0.5_5"
"57","Gaussian",50,0.5,10,"Gaussian",5,"Gaussian_50_0.5_10_Gaussian","Gaussian_50_0.5_10"
"58","Gaussian",50,0.5,10,"T",5,"Gaussian_50_0.5_10_T","Gaussian_50_0.5_10"
"59","Gaussian",50,0.5,10,"DP-diffuse",5,"Gaussian_50_0.5_10_DP-diffuse","Gaussian_50_0.5_10"
"60","Gaussian",50,0.5,10,"DP-EB",5,"Gaussian_50_0.5_10_DP-EB","Gaussian_50_0.5_10"
"61","Gaussian",50,0.9,1,"Gaussian",5,"Gaussian_50_0.9_1_Gaussian","Gaussian_50_0.9_1"
"62","Gaussian",50,0.9,1,"T",5,"Gaussian_50_0.9_1_T","Gaussian_50_0.9_1"
"63","Gaussian",50,0.9,1,"DP-diffuse",5,"Gaussian_50_0.9_1_DP-diffuse","Gaussian_50_0.9_1"
"64","Gaussian",50,0.9,1,"DP-EB",5,"Gaussian_50_0.9_1_DP-EB","Gaussian_50_0.9_1"
"65","Gaussian",50,0.9,5,"Gaussian",5,"Gaussian_50_0.9_5_Gaussian","Gaussian_50_0.9_5"
"66","Gaussian",50,0.9,5,"T",5,"Gaussian_50_0.9_5_T","Gaussian_50_0.9_5"
"67","Gaussian",50,0.9,5,"DP-diffuse",5,"Gaussian_50_0.9_5_DP-diffuse","Gaussian_50_0.9_5"
"68","Gaussian",50,0.9,5,"DP-EB",5,"Gaussian_50_0.9_5_DP-EB","Gaussian_50_0.9_5"
"69","Gaussian",50,0.9,10,"Gaussian",5,"Gaussian_50_0.9_10_Gaussian","Gaussian_50_0.9_10"
"70","Gaussian",50,0.9,10,"T",5,"Gaussian_50_0.9_10_T","Gaussian_50_0.9_10"
"71","Gaussian",50,0.9,10,"DP-diffuse",5,"Gaussian_50_0.9_10_DP-diffuse","Gaussian_50_0.9_10"
"72","Gaussian",50,0.9,10,"DP-EB",5,"Gaussian_50_0.9_10_DP-EB","Gaussian_50_0.9_10"
"73","Gaussian",100,0.1,1,"Gaussian",5,"Gaussian_100_0.1_1_Gaussian","Gaussian_100_0.1_1"
"74","Gaussian",100,0.1,1,"T",5,"Gaussian_100_0.1_1_T","Gaussian_100_0.1_1"
"75","Gaussian",100,0.1,1,"DP-diffuse",5,"Gaussian_100_0.1_1_DP-diffuse","Gaussian_100_0.1_1"
"76","Gaussian",100,0.1,1,"DP-EB",5,"Gaussian_100_0.1_1_DP-EB","Gaussian_100_0.1_1"
"77","Gaussian",100,0.1,5,"Gaussian",5,"Gaussian_100_0.1_5_Gaussian","Gaussian_100_0.1_5"
"78","Gaussian",100,0.1,5,"T",5,"Gaussian_100_0.1_5_T","Gaussian_100_0.1_5"
"79","Gaussian",100,0.1,5,"DP-diffuse",5,"Gaussian_100_0.1_5_DP-diffuse","Gaussian_100_0.1_5"
"80","Gaussian",100,0.1,5,"DP-EB",5,"Gaussian_100_0.1_5_DP-EB","Gaussian_100_0.1_5"
"81","Gaussian",100,0.1,10,"Gaussian",5,"Gaussian_100_0.1_10_Gaussian","Gaussian_100_0.1_10"
"82","Gaussian",100,0.1,10,"T",5,"Gaussian_100_0.1_10_T","Gaussian_100_0.1_10"
"83","Gaussian",100,0.1,10,"DP-diffuse",5,"Gaussian_100_0.1_10_DP-diffuse","Gaussian_100_0.1_10"
"84","Gaussian",100,0.1,10,"DP-EB",5,"Gaussian_100_0.1_10_DP-EB","Gaussian_100_0.1_10"
"85","Gaussian",100,0.5,1,"Gaussian",5,"Gaussian_100_0.5_1_Gaussian","Gaussian_100_0.5_1"
"86","Gaussian",100,0.5,1,"T",5,"Gaussian_100_0.5_1_T","Gaussian_100_0.5_1"
"87","Gaussian",100,0.5,1,"DP-diffuse",5,"Gaussian_100_0.5_1_DP-diffuse","Gaussian_100_0.5_1"
"88","Gaussian",100,0.5,1,"DP-EB",5,"Gaussian_100_0.5_1_DP-EB","Gaussian_100_0.5_1"
"89","Gaussian",100,0.5,5,"Gaussian",5,"Gaussian_100_0.5_5_Gaussian","Gaussian_100_0.5_5"
"90","Gaussian",100,0.5,5,"T",5,"Gaussian_100_0.5_5_T","Gaussian_100_0.5_5"
"91","Gaussian",100,0.5,5,"DP-diffuse",5,"Gaussian_100_0.5_5_DP-diffuse","Gaussian_100_0.5_5"
"92","Gaussian",100,0.5,5,"DP-EB",5,"Gaussian_100_0.5_5_DP-EB","Gaussian_100_0.5_5"
"93","Gaussian",100,0.5,10,"Gaussian",5,"Gaussian_100_0.5_10_Gaussian","Gaussian_100_0.5_10"
"94","Gaussian",100,0.5,10,"T",5,"Gaussian_100_0.5_10_T","Gaussian_100_0.5_10"
"95","Gaussian",100,0.5,10,"DP-diffuse",5,"Gaussian_100_0.5_10_DP-diffuse","Gaussian_100_0.5_10"
"96","Gaussian",100,0.5,10,"DP-EB",5,"Gaussian_100_0.5_10_DP-EB","Gaussian_100_0.5_10"
"97","Gaussian",100,0.9,1,"Gaussian",5,"Gaussian_100_0.9_1_Gaussian","Gaussian_100_0.9_1"
"98","Gaussian",100,0.9,1,"T",5,"Gaussian_100_0.9_1_T","Gaussian_100_0.9_1"
"99","Gaussian",100,0.9,1,"DP-diffuse",5,"Gaussian_100_0.9_1_DP-diffuse","Gaussian_100_0.9_1"
"100","Gaussian",100,0.9,1,"DP-EB",5,"Gaussian_100_0.9_1_DP-EB","Gaussian_100_0.9_1"
"101","Gaussian",100,0.9,5,"Gaussian",5,"Gaussian_100_0.9_5_Gaussian","Gaussian_100_0.9_5"
"102","Gaussian",100,0.9,5,"T",5,"Gaussian_100_0.9_5_T","Gaussian_100_0.9_5"
"103","Gaussian",100,0.9,5,"DP-diffuse",5,"Gaussian_100_0.9_5_DP-diffuse","Gaussian_100_0.9_5"
"104","Gaussian",100,0.9,5,"DP-EB",5,"Gaussian_100_0.9_5_DP-EB","Gaussian_100_0.9_5"
"105","Gaussian",100,0.9,10,"Gaussian",5,"Gaussian_100_0.9_10_Gaussian","Gaussian_100_0.9_10"
"106","Gaussian",100,0.9,10,"T",5,"Gaussian_100_0.9_10_T","Gaussian_100_0.9_10"
"107","Gaussian",100,0.9,10,"DP-diffuse",5,"Gaussian_100_0.9_10_DP-diffuse","Gaussian_100_0.9_10"
"108","Gaussian",100,0.9,10,"DP-EB",5,"Gaussian_100_0.9_10_DP-EB","Gaussian_100_0.9_10"
"109","Gaussian",200,0.1,1,"Gaussian",5,"Gaussian_200_0.1_1_Gaussian","Gaussian_200_0.1_1"
"110","Gaussian",200,0.1,1,"T",5,"Gaussian_200_0.1_1_T","Gaussian_200_0.1_1"
"111","Gaussian",200,0.1,1,"DP-diffuse",5,"Gaussian_200_0.1_1_DP-diffuse","Gaussian_200_0.1_1"
"112","Gaussian",200,0.1,1,"DP-EB",5,"Gaussian_200_0.1_1_DP-EB","Gaussian_200_0.1_1"
"113","Gaussian",200,0.1,5,"Gaussian",5,"Gaussian_200_0.1_5_Gaussian","Gaussian_200_0.1_5"
"114","Gaussian",200,0.1,5,"T",5,"Gaussian_200_0.1_5_T","Gaussian_200_0.1_5"
"115","Gaussian",200,0.1,5,"DP-diffuse",5,"Gaussian_200_0.1_5_DP-diffuse","Gaussian_200_0.1_5"
"116","Gaussian",200,0.1,5,"DP-EB",5,"Gaussian_200_0.1_5_DP-EB","Gaussian_200_0.1_5"
"117","Gaussian",200,0.1,10,"Gaussian",5,"Gaussian_200_0.1_10_Gaussian","Gaussian_200_0.1_10"
"118","Gaussian",200,0.1,10,"T",5,"Gaussian_200_0.1_10_T","Gaussian_200_0.1_10"
"119","Gaussian",200,0.1,10,"DP-diffuse",5,"Gaussian_200_0.1_10_DP-diffuse","Gaussian_200_0.1_10"
"120","Gaussian",200,0.1,10,"DP-EB",5,"Gaussian_200_0.1_10_DP-EB","Gaussian_200_0.1_10"
"121","Gaussian",200,0.5,1,"Gaussian",5,"Gaussian_200_0.5_1_Gaussian","Gaussian_200_0.5_1"
"122","Gaussian",200,0.5,1,"T",5,"Gaussian_200_0.5_1_T","Gaussian_200_0.5_1"
"123","Gaussian",200,0.5,1,"DP-diffuse",5,"Gaussian_200_0.5_1_DP-diffuse","Gaussian_200_0.5_1"
"124","Gaussian",200,0.5,1,"DP-EB",5,"Gaussian_200_0.5_1_DP-EB","Gaussian_200_0.5_1"
"125","Gaussian",200,0.5,5,"Gaussian",5,"Gaussian_200_0.5_5_Gaussian","Gaussian_200_0.5_5"
"126","Gaussian",200,0.5,5,"T",5,"Gaussian_200_0.5_5_T","Gaussian_200_0.5_5"
"127","Gaussian",200,0.5,5,"DP-diffuse",5,"Gaussian_200_0.5_5_DP-diffuse","Gaussian_200_0.5_5"
"128","Gaussian",200,0.5,5,"DP-EB",5,"Gaussian_200_0.5_5_DP-EB","Gaussian_200_0.5_5"
"129","Gaussian",200,0.5,10,"Gaussian",5,"Gaussian_200_0.5_10_Gaussian","Gaussian_200_0.5_10"
"130","Gaussian",200,0.5,10,"T",5,"Gaussian_200_0.5_10_T","Gaussian_200_0.5_10"
"131","Gaussian",200,0.5,10,"DP-diffuse",5,"Gaussian_200_0.5_10_DP-diffuse","Gaussian_200_0.5_10"
"132","Gaussian",200,0.5,10,"DP-EB",5,"Gaussian_200_0.5_10_DP-EB","Gaussian_200_0.5_10"
"133","Gaussian",200,0.9,1,"Gaussian",5,"Gaussian_200_0.9_1_Gaussian","Gaussian_200_0.9_1"
"134","Gaussian",200,0.9,1,"T",5,"Gaussian_200_0.9_1_T","Gaussian_200_0.9_1"
"135","Gaussian",200,0.9,1,"DP-diffuse",5,"Gaussian_200_0.9_1_DP-diffuse","Gaussian_200_0.9_1"
"136","Gaussian",200,0.9,1,"DP-EB",5,"Gaussian_200_0.9_1_DP-EB","Gaussian_200_0.9_1"
"137","Gaussian",200,0.9,5,"Gaussian",5,"Gaussian_200_0.9_5_Gaussian","Gaussian_200_0.9_5"
"138","Gaussian",200,0.9,5,"T",5,"Gaussian_200_0.9_5_T","Gaussian_200_0.9_5"
"139","Gaussian",200,0.9,5,"DP-diffuse",5,"Gaussian_200_0.9_5_DP-diffuse","Gaussian_200_0.9_5"
"140","Gaussian",200,0.9,5,"DP-EB",5,"Gaussian_200_0.9_5_DP-EB","Gaussian_200_0.9_5"
"141","Gaussian",200,0.9,10,"Gaussian",5,"Gaussian_200_0.9_10_Gaussian","Gaussian_200_0.9_10"
"142","Gaussian",200,0.9,10,"T",5,"Gaussian_200_0.9_10_T","Gaussian_200_0.9_10"
"143","Gaussian",200,0.9,10,"DP-diffuse",5,"Gaussian_200_0.9_10_DP-diffuse","Gaussian_200_0.9_10"
"144","Gaussian",200,0.9,10,"DP-EB",5,"Gaussian_200_0.9_10_DP-EB","Gaussian_200_0.9_10"
"145","T",25,0.1,1,"Gaussian",5,"T_25_0.1_1_Gaussian","T_25_0.1_1"
"146","T",25,0.1,1,"T",5,"T_25_0.1_1_T","T_25_0.1_1"
"147","T",25,0.1,1,"DP-diffuse",5,"T_25_0.1_1_DP-diffuse","T_25_0.1_1"
"148","T",25,0.1,1,"DP-EB",5,"T_25_0.1_1_DP-EB","T_25_0.1_1"
"149","T",25,0.1,5,"Gaussian",5,"T_25_0.1_5_Gaussian","T_25_0.1_5"
"150","T",25,0.1,5,"T",5,"T_25_0.1_5_T","T_25_0.1_5"
"151","T",25,0.1,5,"DP-diffuse",5,"T_25_0.1_5_DP-diffuse","T_25_0.1_5"
"152","T",25,0.1,5,"DP-EB",5,"T_25_0.1_5_DP-EB","T_25_0.1_5"
"153","T",25,0.1,10,"Gaussian",5,"T_25_0.1_10_Gaussian","T_25_0.1_10"
"154","T",25,0.1,10,"T",5,"T_25_0.1_10_T","T_25_0.1_10"
"155","T",25,0.1,10,"DP-diffuse",5,"T_25_0.1_10_DP-diffuse","T_25_0.1_10"
"156","T",25,0.1,10,"DP-EB",5,"T_25_0.1_10_DP-EB","T_25_0.1_10"
"157","T",25,0.5,1,"Gaussian",5,"T_25_0.5_1_Gaussian","T_25_0.5_1"
"158","T",25,0.5,1,"T",5,"T_25_0.5_1_T","T_25_0.5_1"
"159","T",25,0.5,1,"DP-diffuse",5,"T_25_0.5_1_DP-diffuse","T_25_0.5_1"
"160","T",25,0.5,1,"DP-EB",5,"T_25_0.5_1_DP-EB","T_25_0.5_1"
"161","T",25,0.5,5,"Gaussian",5,"T_25_0.5_5_Gaussian","T_25_0.5_5"
"162","T",25,0.5,5,"T",5,"T_25_0.5_5_T","T_25_0.5_5"
"163","T",25,0.5,5,"DP-diffuse",5,"T_25_0.5_5_DP-diffuse","T_25_0.5_5"
"164","T",25,0.5,5,"DP-EB",5,"T_25_0.5_5_DP-EB","T_25_0.5_5"
"165","T",25,0.5,10,"Gaussian",5,"T_25_0.5_10_Gaussian","T_25_0.5_10"
"166","T",25,0.5,10,"T",5,"T_25_0.5_10_T","T_25_0.5_10"
"167","T",25,0.5,10,"DP-diffuse",5,"T_25_0.5_10_DP-diffuse","T_25_0.5_10"
"168","T",25,0.5,10,"DP-EB",5,"T_25_0.5_10_DP-EB","T_25_0.5_10"
"169","T",25,0.9,1,"Gaussian",5,"T_25_0.9_1_Gaussian","T_25_0.9_1"
"170","T",25,0.9,1,"T",5,"T_25_0.9_1_T","T_25_0.9_1"
"171","T",25,0.9,1,"DP-diffuse",5,"T_25_0.9_1_DP-diffuse","T_25_0.9_1"
"172","T",25,0.9,1,"DP-EB",5,"T_25_0.9_1_DP-EB","T_25_0.9_1"
"173","T",25,0.9,5,"Gaussian",5,"T_25_0.9_5_Gaussian","T_25_0.9_5"
"174","T",25,0.9,5,"T",5,"T_25_0.9_5_T","T_25_0.9_5"
"175","T",25,0.9,5,"DP-diffuse",5,"T_25_0.9_5_DP-diffuse","T_25_0.9_5"
"176","T",25,0.9,5,"DP-EB",5,"T_25_0.9_5_DP-EB","T_25_0.9_5"
"177","T",25,0.9,10,"Gaussian",5,"T_25_0.9_10_Gaussian","T_25_0.9_10"
"178","T",25,0.9,10,"T",5,"T_25_0.9_10_T","T_25_0.9_10"
"179","T",25,0.9,10,"DP-diffuse",5,"T_25_0.9_10_DP-diffuse","T_25_0.9_10"
"180","T",25,0.9,10,"DP-EB",5,"T_25_0.9_10_DP-EB","T_25_0.9_10"
"181","T",50,0.1,1,"Gaussian",5,"T_50_0.1_1_Gaussian","T_50_0.1_1"
"182","T",50,0.1,1,"T",5,"T_50_0.1_1_T","T_50_0.1_1"
"183","T",50,0.1,1,"DP-diffuse",5,"T_50_0.1_1_DP-diffuse","T_50_0.1_1"
"184","T",50,0.1,1,"DP-EB",5,"T_50_0.1_1_DP-EB","T_50_0.1_1"
"185","T",50,0.1,5,"Gaussian",5,"T_50_0.1_5_Gaussian","T_50_0.1_5"
"186","T",50,0.1,5,"T",5,"T_50_0.1_5_T","T_50_0.1_5"
"187","T",50,0.1,5,"DP-diffuse",5,"T_50_0.1_5_DP-diffuse","T_50_0.1_5"
"188","T",50,0.1,5,"DP-EB",5,"T_50_0.1_5_DP-EB","T_50_0.1_5"
"189","T",50,0.1,10,"Gaussian",5,"T_50_0.1_10_Gaussian","T_50_0.1_10"
"190","T",50,0.1,10,"T",5,"T_50_0.1_10_T","T_50_0.1_10"
"191","T",50,0.1,10,"DP-diffuse",5,"T_50_0.1_10_DP-diffuse","T_50_0.1_10"
"192","T",50,0.1,10,"DP-EB",5,"T_50_0.1_10_DP-EB","T_50_0.1_10"
"193","T",50,0.5,1,"Gaussian",5,"T_50_0.5_1_Gaussian","T_50_0.5_1"
"194","T",50,0.5,1,"T",5,"T_50_0.5_1_T","T_50_0.5_1"
"195","T",50,0.5,1,"DP-diffuse",5,"T_50_0.5_1_DP-diffuse","T_50_0.5_1"
"196","T",50,0.5,1,"DP-EB",5,"T_50_0.5_1_DP-EB","T_50_0.5_1"
"197","T",50,0.5,5,"Gaussian",5,"T_50_0.5_5_Gaussian","T_50_0.5_5"
"198","T",50,0.5,5,"T",5,"T_50_0.5_5_T","T_50_0.5_5"
"199","T",50,0.5,5,"DP-diffuse",5,"T_50_0.5_5_DP-diffuse","T_50_0.5_5"
"200","T",50,0.5,5,"DP-EB",5,"T_50_0.5_5_DP-EB","T_50_0.5_5"
"201","T",50,0.5,10,"Gaussian",5,"T_50_0.5_10_Gaussian","T_50_0.5_10"
"202","T",50,0.5,10,"T",5,"T_50_0.5_10_T","T_50_0.5_10"
"203","T",50,0.5,10,"DP-diffuse",5,"T_50_0.5_10_DP-diffuse","T_50_0.5_10"
"204","T",50,0.5,10,"DP-EB",5,"T_50_0.5_10_DP-EB","T_50_0.5_10"
"205","T",50,0.9,1,"Gaussian",5,"T_50_0.9_1_Gaussian","T_50_0.9_1"
"206","T",50,0.9,1,"T",5,"T_50_0.9_1_T","T_50_0.9_1"
"207","T",50,0.9,1,"DP-diffuse",5,"T_50_0.9_1_DP-diffuse","T_50_0.9_1"
"208","T",50,0.9,1,"DP-EB",5,"T_50_0.9_1_DP-EB","T_50_0.9_1"
"209","T",50,0.9,5,"Gaussian",5,"T_50_0.9_5_Gaussian","T_50_0.9_5"
"210","T",50,0.9,5,"T",5,"T_50_0.9_5_T","T_50_0.9_5"
"211","T",50,0.9,5,"DP-diffuse",5,"T_50_0.9_5_DP-diffuse","T_50_0.9_5"
"212","T",50,0.9,5,"DP-EB",5,"T_50_0.9_5_DP-EB","T_50_0.9_5"
"213","T",50,0.9,10,"Gaussian",5,"T_50_0.9_10_Gaussian","T_50_0.9_10"
"214","T",50,0.9,10,"T",5,"T_50_0.9_10_T","T_50_0.9_10"
"215","T",50,0.9,10,"DP-diffuse",5,"T_50_0.9_10_DP-diffuse","T_50_0.9_10"
"216","T",50,0.9,10,"DP-EB",5,"T_50_0.9_10_DP-EB","T_50_0.9_10"
"217","T",100,0.1,1,"Gaussian",5,"T_100_0.1_1_Gaussian","T_100_0.1_1"
"218","T",100,0.1,1,"T",5,"T_100_0.1_1_T","T_100_0.1_1"
"219","T",100,0.1,1,"DP-diffuse",5,"T_100_0.1_1_DP-diffuse","T_100_0.1_1"
"220","T",100,0.1,1,"DP-EB",5,"T_100_0.1_1_DP-EB","T_100_0.1_1"
"221","T",100,0.1,5,"Gaussian",5,"T_100_0.1_5_Gaussian","T_100_0.1_5"
"222","T",100,0.1,5,"T",5,"T_100_0.1_5_T","T_100_0.1_5"
"223","T",100,0.1,5,"DP-diffuse",5,"T_100_0.1_5_DP-diffuse","T_100_0.1_5"
"224","T",100,0.1,5,"DP-EB",5,"T_100_0.1_5_DP-EB","T_100_0.1_5"
"225","T",100,0.1,10,"Gaussian",5,"T_100_0.1_10_Gaussian","T_100_0.1_10"
"226","T",100,0.1,10,"T",5,"T_100_0.1_10_T","T_100_0.1_10"
"227","T",100,0.1,10,"DP-diffuse",5,"T_100_0.1_10_DP-diffuse","T_100_0.1_10"
"228","T",100,0.1,10,"DP-EB",5,"T_100_0.1_10_DP-EB","T_100_0.1_10"
"229","T",100,0.5,1,"Gaussian",5,"T_100_0.5_1_Gaussian","T_100_0.5_1"
"230","T",100,0.5,1,"T",5,"T_100_0.5_1_T","T_100_0.5_1"
"231","T",100,0.5,1,"DP-diffuse",5,"T_100_0.5_1_DP-diffuse","T_100_0.5_1"
"232","T",100,0.5,1,"DP-EB",5,"T_100_0.5_1_DP-EB","T_100_0.5_1"
"233","T",100,0.5,5,"Gaussian",5,"T_100_0.5_5_Gaussian","T_100_0.5_5"
"234","T",100,0.5,5,"T",5,"T_100_0.5_5_T","T_100_0.5_5"
"235","T",100,0.5,5,"DP-diffuse",5,"T_100_0.5_5_DP-diffuse","T_100_0.5_5"
"236","T",100,0.5,5,"DP-EB",5,"T_100_0.5_5_DP-EB","T_100_0.5_5"
"237","T",100,0.5,10,"Gaussian",5,"T_100_0.5_10_Gaussian","T_100_0.5_10"
"238","T",100,0.5,10,"T",5,"T_100_0.5_10_T","T_100_0.5_10"
"239","T",100,0.5,10,"DP-diffuse",5,"T_100_0.5_10_DP-diffuse","T_100_0.5_10"
"240","T",100,0.5,10,"DP-EB",5,"T_100_0.5_10_DP-EB","T_100_0.5_10"
"241","T",100,0.9,1,"Gaussian",5,"T_100_0.9_1_Gaussian","T_100_0.9_1"
"242","T",100,0.9,1,"T",5,"T_100_0.9_1_T","T_100_0.9_1"
"243","T",100,0.9,1,"DP-diffuse",5,"T_100_0.9_1_DP-diffuse","T_100_0.9_1"
"244","T",100,0.9,1,"DP-EB",5,"T_100_0.9_1_DP-EB","T_100_0.9_1"
"245","T",100,0.9,5,"Gaussian",5,"T_100_0.9_5_Gaussian","T_100_0.9_5"
"246","T",100,0.9,5,"T",5,"T_100_0.9_5_T","T_100_0.9_5"
"247","T",100,0.9,5,"DP-diffuse",5,"T_100_0.9_5_DP-diffuse","T_100_0.9_5"
"248","T",100,0.9,5,"DP-EB",5,"T_100_0.9_5_DP-EB","T_100_0.9_5"
"249","T",100,0.9,10,"Gaussian",5,"T_100_0.9_10_Gaussian","T_100_0.9_10"
"250","T",100,0.9,10,"T",5,"T_100_0.9_10_T","T_100_0.9_10"
"251","T",100,0.9,10,"DP-diffuse",5,"T_100_0.9_10_DP-diffuse","T_100_0.9_10"
"252","T",100,0.9,10,"DP-EB",5,"T_100_0.9_10_DP-EB","T_100_0.9_10"
"253","T",200,0.1,1,"Gaussian",5,"T_200_0.1_1_Gaussian","T_200_0.1_1"
"254","T",200,0.1,1,"T",5,"T_200_0.1_1_T","T_200_0.1_1"
"255","T",200,0.1,1,"DP-diffuse",5,"T_200_0.1_1_DP-diffuse","T_200_0.1_1"
"256","T",200,0.1,1,"DP-EB",5,"T_200_0.1_1_DP-EB","T_200_0.1_1"
"257","T",200,0.1,5,"Gaussian",5,"T_200_0.1_5_Gaussian","T_200_0.1_5"
"258","T",200,0.1,5,"T",5,"T_200_0.1_5_T","T_200_0.1_5"
"259","T",200,0.1,5,"DP-diffuse",5,"T_200_0.1_5_DP-diffuse","T_200_0.1_5"
"260","T",200,0.1,5,"DP-EB",5,"T_200_0.1_5_DP-EB","T_200_0.1_5"
"261","T",200,0.1,10,"Gaussian",5,"T_200_0.1_10_Gaussian","T_200_0.1_10"
"262","T",200,0.1,10,"T",5,"T_200_0.1_10_T","T_200_0.1_10"
"263","T",200,0.1,10,"DP-diffuse",5,"T_200_0.1_10_DP-diffuse","T_200_0.1_10"
"264","T",200,0.1,10,"DP-EB",5,"T_200_0.1_10_DP-EB","T_200_0.1_10"
"265","T",200,0.5,1,"Gaussian",5,"T_200_0.5_1_Gaussian","T_200_0.5_1"
"266","T",200,0.5,1,"T",5,"T_200_0.5_1_T","T_200_0.5_1"
"267","T",200,0.5,1,"DP-diffuse",5,"T_200_0.5_1_DP-diffuse","T_200_0.5_1"
"268","T",200,0.5,1,"DP-EB",5,"T_200_0.5_1_DP-EB","T_200_0.5_1"
"269","T",200,0.5,5,"Gaussian",5,"T_200_0.5_5_Gaussian","T_200_0.5_5"
"270","T",200,0.5,5,"T",5,"T_200_0.5_5_T","T_200_0.5_5"
"271","T",200,0.5,5,"DP-diffuse",5,"T_200_0.5_5_DP-diffuse","T_200_0.5_5"
"272","T",200,0.5,5,"DP-EB",5,"T_200_0.5_5_DP-EB","T_200_0.5_5"
"273","T",200,0.5,10,"Gaussian",5,"T_200_0.5_10_Gaussian","T_200_0.5_10"
"274","T",200,0.5,10,"T",5,"T_200_0.5_10_T","T_200_0.5_10"
"275","T",200,0.5,10,"DP-diffuse",5,"T_200_0.5_10_DP-diffuse","T_200_0.5_10"
"276","T",200,0.5,10,"DP-EB",5,"T_200_0.5_10_DP-EB","T_200_0.5_10"
"277","T",200,0.9,1,"Gaussian",5,"T_200_0.9_1_Gaussian","T_200_0.9_1"
"278","T",200,0.9,1,"T",5,"T_200_0.9_1_T","T_200_0.9_1"
"279","T",200,0.9,1,"DP-diffuse",5,"T_200_0.9_1_DP-diffuse","T_200_0.9_1"
"280","T",200,0.9,1,"DP-EB",5,"T_200_0.9_1_DP-EB","T_200_0.9_1"
"281","T",200,0.9,5,"Gaussian",5,"T_200_0.9_5_Gaussian","T_200_0.9_5"
"282","T",200,0.9,5,"T",5,"T_200_0.9_5_T","T_200_0.9_5"
"283","T",200,0.9,5,"DP-diffuse",5,"T_200_0.9_5_DP-diffuse","T_200_0.9_5"
"284","T",200,0.9,5,"DP-EB",5,"T_200_0.9_5_DP-EB","T_200_0.9_5"
"285","T",200,0.9,10,"Gaussian",5,"T_200_0.9_10_Gaussian","T_200_0.9_10"
"286","T",200,0.9,10,"T",5,"T_200_0.9_10_T","T_200_0.9_10"
"287","T",200,0.9,10,"DP-diffuse",5,"T_200_0.9_10_DP-diffuse","T_200_0.9_10"
"288","T",200,0.9,10,"DP-EB",5,"T_200_0.9_10_DP-EB","T_200_0.9_10"
"289","ALD",25,0.1,1,"Gaussian",5,"ALD_25_0.1_1_Gaussian","ALD_25_0.1_1"
"290","ALD",25,0.1,1,"T",5,"ALD_25_0.1_1_T","ALD_25_0.1_1"
"291","ALD",25,0.1,1,"DP-diffuse",5,"ALD_25_0.1_1_DP-diffuse","ALD_25_0.1_1"
"292","ALD",25,0.1,1,"DP-EB",5,"ALD_25_0.1_1_DP-EB","ALD_25_0.1_1"
"293","ALD",25,0.1,5,"Gaussian",5,"ALD_25_0.1_5_Gaussian","ALD_25_0.1_5"
"294","ALD",25,0.1,5,"T",5,"ALD_25_0.1_5_T","ALD_25_0.1_5"
"295","ALD",25,0.1,5,"DP-diffuse",5,"ALD_25_0.1_5_DP-diffuse","ALD_25_0.1_5"
"296","ALD",25,0.1,5,"DP-EB",5,"ALD_25_0.1_5_DP-EB","ALD_25_0.1_5"
"297","ALD",25,0.1,10,"Gaussian",5,"ALD_25_0.1_10_Gaussian","ALD_25_0.1_10"
"298","ALD",25,0.1,10,"T",5,"ALD_25_0.1_10_T","ALD_25_0.1_10"
"299","ALD",25,0.1,10,"DP-diffuse",5,"ALD_25_0.1_10_DP-diffuse","ALD_25_0.1_10"
"300","ALD",25,0.1,10,"DP-EB",5,"ALD_25_0.1_10_DP-EB","ALD_25_0.1_10"
"301","ALD",25,0.5,1,"Gaussian",5,"ALD_25_0.5_1_Gaussian","ALD_25_0.5_1"
"302","ALD",25,0.5,1,"T",5,"ALD_25_0.5_1_T","ALD_25_0.5_1"
"303","ALD",25,0.5,1,"DP-diffuse",5,"ALD_25_0.5_1_DP-diffuse","ALD_25_0.5_1"
"304","ALD",25,0.5,1,"DP-EB",5,"ALD_25_0.5_1_DP-EB","ALD_25_0.5_1"
"305","ALD",25,0.5,5,"Gaussian",5,"ALD_25_0.5_5_Gaussian","ALD_25_0.5_5"
"306","ALD",25,0.5,5,"T",5,"ALD_25_0.5_5_T","ALD_25_0.5_5"
"307","ALD",25,0.5,5,"DP-diffuse",5,"ALD_25_0.5_5_DP-diffuse","ALD_25_0.5_5"
"308","ALD",25,0.5,5,"DP-EB",5,"ALD_25_0.5_5_DP-EB","ALD_25_0.5_5"
"309","ALD",25,0.5,10,"Gaussian",5,"ALD_25_0.5_10_Gaussian","ALD_25_0.5_10"
"310","ALD",25,0.5,10,"T",5,"ALD_25_0.5_10_T","ALD_25_0.5_10"
"311","ALD",25,0.5,10,"DP-diffuse",5,"ALD_25_0.5_10_DP-diffuse","ALD_25_0.5_10"
"312","ALD",25,0.5,10,"DP-EB",5,"ALD_25_0.5_10_DP-EB","ALD_25_0.5_10"
"313","ALD",25,0.9,1,"Gaussian",5,"ALD_25_0.9_1_Gaussian","ALD_25_0.9_1"
"314","ALD",25,0.9,1,"T",5,"ALD_25_0.9_1_T","ALD_25_0.9_1"
"315","ALD",25,0.9,1,"DP-diffuse",5,"ALD_25_0.9_1_DP-diffuse","ALD_25_0.9_1"
"316","ALD",25,0.9,1,"DP-EB",5,"ALD_25_0.9_1_DP-EB","ALD_25_0.9_1"
"317","ALD",25,0.9,5,"Gaussian",5,"ALD_25_0.9_5_Gaussian","ALD_25_0.9_5"
"318","ALD",25,0.9,5,"T",5,"ALD_25_0.9_5_T","ALD_25_0.9_5"
"319","ALD",25,0.9,5,"DP-diffuse",5,"ALD_25_0.9_5_DP-diffuse","ALD_25_0.9_5"
"320","ALD",25,0.9,5,"DP-EB",5,"ALD_25_0.9_5_DP-EB","ALD_25_0.9_5"
"321","ALD",25,0.9,10,"Gaussian",5,"ALD_25_0.9_10_Gaussian","ALD_25_0.9_10"
"322","ALD",25,0.9,10,"T",5,"ALD_25_0.9_10_T","ALD_25_0.9_10"
"323","ALD",25,0.9,10,"DP-diffuse",5,"ALD_25_0.9_10_DP-diffuse","ALD_25_0.9_10"
"324","ALD",25,0.9,10,"DP-EB",5,"ALD_25_0.9_10_DP-EB","ALD_25_0.9_10"
"325","ALD",50,0.1,1,"Gaussian",5,"ALD_50_0.1_1_Gaussian","ALD_50_0.1_1"
"326","ALD",50,0.1,1,"T",5,"ALD_50_0.1_1_T","ALD_50_0.1_1"
"327","ALD",50,0.1,1,"DP-diffuse",5,"ALD_50_0.1_1_DP-diffuse","ALD_50_0.1_1"
"328","ALD",50,0.1,1,"DP-EB",5,"ALD_50_0.1_1_DP-EB","ALD_50_0.1_1"
"329","ALD",50,0.1,5,"Gaussian",5,"ALD_50_0.1_5_Gaussian","ALD_50_0.1_5"
"330","ALD",50,0.1,5,"T",5,"ALD_50_0.1_5_T","ALD_50_0.1_5"
"331","ALD",50,0.1,5,"DP-diffuse",5,"ALD_50_0.1_5_DP-diffuse","ALD_50_0.1_5"
"332","ALD",50,0.1,5,"DP-EB",5,"ALD_50_0.1_5_DP-EB","ALD_50_0.1_5"
"333","ALD",50,0.1,10,"Gaussian",5,"ALD_50_0.1_10_Gaussian","ALD_50_0.1_10"
"334","ALD",50,0.1,10,"T",5,"ALD_50_0.1_10_T","ALD_50_0.1_10"
"335","ALD",50,0.1,10,"DP-diffuse",5,"ALD_50_0.1_10_DP-diffuse","ALD_50_0.1_10"
"336","ALD",50,0.1,10,"DP-EB",5,"ALD_50_0.1_10_DP-EB","ALD_50_0.1_10"
"337","ALD",50,0.5,1,"Gaussian",5,"ALD_50_0.5_1_Gaussian","ALD_50_0.5_1"
"338","ALD",50,0.5,1,"T",5,"ALD_50_0.5_1_T","ALD_50_0.5_1"
"339","ALD",50,0.5,1,"DP-diffuse",5,"ALD_50_0.5_1_DP-diffuse","ALD_50_0.5_1"
"340","ALD",50,0.5,1,"DP-EB",5,"ALD_50_0.5_1_DP-EB","ALD_50_0.5_1"
"341","ALD",50,0.5,5,"Gaussian",5,"ALD_50_0.5_5_Gaussian","ALD_50_0.5_5"
"342","ALD",50,0.5,5,"T",5,"ALD_50_0.5_5_T","ALD_50_0.5_5"
"343","ALD",50,0.5,5,"DP-diffuse",5,"ALD_50_0.5_5_DP-diffuse","ALD_50_0.5_5"
"344","ALD",50,0.5,5,"DP-EB",5,"ALD_50_0.5_5_DP-EB","ALD_50_0.5_5"
"345","ALD",50,0.5,10,"Gaussian",5,"ALD_50_0.5_10_Gaussian","ALD_50_0.5_10"
"346","ALD",50,0.5,10,"T",5,"ALD_50_0.5_10_T","ALD_50_0.5_10"
"347","ALD",50,0.5,10,"DP-diffuse",5,"ALD_50_0.5_10_DP-diffuse","ALD_50_0.5_10"
"348","ALD",50,0.5,10,"DP-EB",5,"ALD_50_0.5_10_DP-EB","ALD_50_0.5_10"
"349","ALD",50,0.9,1,"Gaussian",5,"ALD_50_0.9_1_Gaussian","ALD_50_0.9_1"
"350","ALD",50,0.9,1,"T",5,"ALD_50_0.9_1_T","ALD_50_0.9_1"
"351","ALD",50,0.9,1,"DP-diffuse",5,"ALD_50_0.9_1_DP-diffuse","ALD_50_0.9_1"
"352","ALD",50,0.9,1,"DP-EB",5,"ALD_50_0.9_1_DP-EB","ALD_50_0.9_1"
"353","ALD",50,0.9,5,"Gaussian",5,"ALD_50_0.9_5_Gaussian","ALD_50_0.9_5"
"354","ALD",50,0.9,5,"T",5,"ALD_50_0.9_5_T","ALD_50_0.9_5"
"355","ALD",50,0.9,5,"DP-diffuse",5,"ALD_50_0.9_5_DP-diffuse","ALD_50_0.9_5"
"356","ALD",50,0.9,5,"DP-EB",5,"ALD_50_0.9_5_DP-EB","ALD_50_0.9_5"
"357","ALD",50,0.9,10,"Gaussian",5,"ALD_50_0.9_10_Gaussian","ALD_50_0.9_10"
"358","ALD",50,0.9,10,"T",5,"ALD_50_0.9_10_T","ALD_50_0.9_10"
"359","ALD",50,0.9,10,"DP-diffuse",5,"ALD_50_0.9_10_DP-diffuse","ALD_50_0.9_10"
"360","ALD",50,0.9,10,"DP-EB",5,"ALD_50_0.9_10_DP-EB","ALD_50_0.9_10"
"361","ALD",100,0.1,1,"Gaussian",5,"ALD_100_0.1_1_Gaussian","ALD_100_0.1_1"
"362","ALD",100,0.1,1,"T",5,"ALD_100_0.1_1_T","ALD_100_0.1_1"
"363","ALD",100,0.1,1,"DP-diffuse",5,"ALD_100_0.1_1_DP-diffuse","ALD_100_0.1_1"
"364","ALD",100,0.1,1,"DP-EB",5,"ALD_100_0.1_1_DP-EB","ALD_100_0.1_1"
"365","ALD",100,0.1,5,"Gaussian",5,"ALD_100_0.1_5_Gaussian","ALD_100_0.1_5"
"366","ALD",100,0.1,5,"T",5,"ALD_100_0.1_5_T","ALD_100_0.1_5"
"367","ALD",100,0.1,5,"DP-diffuse",5,"ALD_100_0.1_5_DP-diffuse","ALD_100_0.1_5"
"368","ALD",100,0.1,5,"DP-EB",5,"ALD_100_0.1_5_DP-EB","ALD_100_0.1_5"
"369","ALD",100,0.1,10,"Gaussian",5,"ALD_100_0.1_10_Gaussian","ALD_100_0.1_10"
"370","ALD",100,0.1,10,"T",5,"ALD_100_0.1_10_T","ALD_100_0.1_10"
"371","ALD",100,0.1,10,"DP-diffuse",5,"ALD_100_0.1_10_DP-diffuse","ALD_100_0.1_10"
"372","ALD",100,0.1,10,"DP-EB",5,"ALD_100_0.1_10_DP-EB","ALD_100_0.1_10"
"373","ALD",100,0.5,1,"Gaussian",5,"ALD_100_0.5_1_Gaussian","ALD_100_0.5_1"
"374","ALD",100,0.5,1,"T",5,"ALD_100_0.5_1_T","ALD_100_0.5_1"
"375","ALD",100,0.5,1,"DP-diffuse",5,"ALD_100_0.5_1_DP-diffuse","ALD_100_0.5_1"
"376","ALD",100,0.5,1,"DP-EB",5,"ALD_100_0.5_1_DP-EB","ALD_100_0.5_1"
"377","ALD",100,0.5,5,"Gaussian",5,"ALD_100_0.5_5_Gaussian","ALD_100_0.5_5"
"378","ALD",100,0.5,5,"T",5,"ALD_100_0.5_5_T","ALD_100_0.5_5"
"379","ALD",100,0.5,5,"DP-diffuse",5,"ALD_100_0.5_5_DP-diffuse","ALD_100_0.5_5"
"380","ALD",100,0.5,5,"DP-EB",5,"ALD_100_0.5_5_DP-EB","ALD_100_0.5_5"
"381","ALD",100,0.5,10,"Gaussian",5,"ALD_100_0.5_10_Gaussian","ALD_100_0.5_10"
"382","ALD",100,0.5,10,"T",5,"ALD_100_0.5_10_T","ALD_100_0.5_10"
"383","ALD",100,0.5,10,"DP-diffuse",5,"ALD_100_0.5_10_DP-diffuse","ALD_100_0.5_10"
"384","ALD",100,0.5,10,"DP-EB",5,"ALD_100_0.5_10_DP-EB","ALD_100_0.5_10"
"385","ALD",100,0.9,1,"Gaussian",5,"ALD_100_0.9_1_Gaussian","ALD_100_0.9_1"
"386","ALD",100,0.9,1,"T",5,"ALD_100_0.9_1_T","ALD_100_0.9_1"
"387","ALD",100,0.9,1,"DP-diffuse",5,"ALD_100_0.9_1_DP-diffuse","ALD_100_0.9_1"
"388","ALD",100,0.9,1,"DP-EB",5,"ALD_100_0.9_1_DP-EB","ALD_100_0.9_1"
"389","ALD",100,0.9,5,"Gaussian",5,"ALD_100_0.9_5_Gaussian","ALD_100_0.9_5"
"390","ALD",100,0.9,5,"T",5,"ALD_100_0.9_5_T","ALD_100_0.9_5"
"391","ALD",100,0.9,5,"DP-diffuse",5,"ALD_100_0.9_5_DP-diffuse","ALD_100_0.9_5"
"392","ALD",100,0.9,5,"DP-EB",5,"ALD_100_0.9_5_DP-EB","ALD_100_0.9_5"
"393","ALD",100,0.9,10,"Gaussian",5,"ALD_100_0.9_10_Gaussian","ALD_100_0.9_10"
"394","ALD",100,0.9,10,"T",5,"ALD_100_0.9_10_T","ALD_100_0.9_10"
"395","ALD",100,0.9,10,"DP-diffuse",5,"ALD_100_0.9_10_DP-diffuse","ALD_100_0.9_10"
"396","ALD",100,0.9,10,"DP-EB",5,"ALD_100_0.9_10_DP-EB","ALD_100_0.9_10"
"397","ALD",200,0.1,1,"Gaussian",5,"ALD_200_0.1_1_Gaussian","ALD_200_0.1_1"
"398","ALD",200,0.1,1,"T",5,"ALD_200_0.1_1_T","ALD_200_0.1_1"
"399","ALD",200,0.1,1,"DP-diffuse",5,"ALD_200_0.1_1_DP-diffuse","ALD_200_0.1_1"
"400","ALD",200,0.1,1,"DP-EB",5,"ALD_200_0.1_1_DP-EB","ALD_200_0.1_1"
"401","ALD",200,0.1,5,"Gaussian",5,"ALD_200_0.1_5_Gaussian","ALD_200_0.1_5"
"402","ALD",200,0.1,5,"T",5,"ALD_200_0.1_5_T","ALD_200_0.1_5"
"403","ALD",200,0.1,5,"DP-diffuse",5,"ALD_200_0.1_5_DP-diffuse","ALD_200_0.1_5"
"404","ALD",200,0.1,5,"DP-EB",5,"ALD_200_0.1_5_DP-EB","ALD_200_0.1_5"
"405","ALD",200,0.1,10,"Gaussian",5,"ALD_200_0.1_10_Gaussian","ALD_200_0.1_10"
"406","ALD",200,0.1,10,"T",5,"ALD_200_0.1_10_T","ALD_200_0.1_10"
"407","ALD",200,0.1,10,"DP-diffuse",5,"ALD_200_0.1_10_DP-diffuse","ALD_200_0.1_10"
"408","ALD",200,0.1,10,"DP-EB",5,"ALD_200_0.1_10_DP-EB","ALD_200_0.1_10"
"409","ALD",200,0.5,1,"Gaussian",5,"ALD_200_0.5_1_Gaussian","ALD_200_0.5_1"
"410","ALD",200,0.5,1,"T",5,"ALD_200_0.5_1_T","ALD_200_0.5_1"
"411","ALD",200,0.5,1,"DP-diffuse",5,"ALD_200_0.5_1_DP-diffuse","ALD_200_0.5_1"
"412","ALD",200,0.5,1,"DP-EB",5,"ALD_200_0.5_1_DP-EB","ALD_200_0.5_1"
"413","ALD",200,0.5,5,"Gaussian",5,"ALD_200_0.5_5_Gaussian","ALD_200_0.5_5"
"414","ALD",200,0.5,5,"T",5,"ALD_200_0.5_5_T","ALD_200_0.5_5"
"415","ALD",200,0.5,5,"DP-diffuse",5,"ALD_200_0.5_5_DP-diffuse","ALD_200_0.5_5"
"416","ALD",200,0.5,5,"DP-EB",5,"ALD_200_0.5_5_DP-EB","ALD_200_0.5_5"
"417","ALD",200,0.5,10,"Gaussian",5,"ALD_200_0.5_10_Gaussian","ALD_200_0.5_10"
"418","ALD",200,0.5,10,"T",5,"ALD_200_0.5_10_T","ALD_200_0.5_10"
"419","ALD",200,0.5,10,"DP-diffuse",5,"ALD_200_0.5_10_DP-diffuse","ALD_200_0.5_10"
"420","ALD",200,0.5,10,"DP-EB",5,"ALD_200_0.5_10_DP-EB","ALD_200_0.5_10"
"421","ALD",200,0.9,1,"Gaussian",5,"ALD_200_0.9_1_Gaussian","ALD_200_0.9_1"
"422","ALD",200,0.9,1,"T",5,"ALD_200_0.9_1_T","ALD_200_0.9_1"
"423","ALD",200,0.9,1,"DP-diffuse",5,"ALD_200_0.9_1_DP-diffuse","ALD_200_0.9_1"
"424","ALD",200,0.9,1,"DP-EB",5,"ALD_200_0.9_1_DP-EB","ALD_200_0.9_1"
"425","ALD",200,0.9,5,"Gaussian",5,"ALD_200_0.9_5_Gaussian","ALD_200_0.9_5"
"426","ALD",200,0.9,5,"T",5,"ALD_200_0.9_5_T","ALD_200_0.9_5"
"427","ALD",200,0.9,5,"DP-diffuse",5,"ALD_200_0.9_5_DP-diffuse","ALD_200_0.9_5"
"428","ALD",200,0.9,5,"DP-EB",5,"ALD_200_0.9_5_DP-EB","ALD_200_0.9_5"
"429","ALD",200,0.9,10,"Gaussian",5,"ALD_200_0.9_10_Gaussian","ALD_200_0.9_10"
"430","ALD",200,0.9,10,"T",5,"ALD_200_0.9_10_T","ALD_200_0.9_10"
"431","ALD",200,0.9,10,"DP-diffuse",5,"ALD_200_0.9_10_DP-diffuse","ALD_200_0.9_10"
"432","ALD",200,0.9,10,"DP-EB",5,"ALD_200_0.9_10_DP-EB","ALD_200_0.9_10"
"433","Bimodal",25,0.1,1,"Gaussian",5,"Bimodal_25_0.1_1_Gaussian","Bimodal_25_0.1_1"
"434","Bimodal",25,0.1,1,"T",5,"Bimodal_25_0.1_1_T","Bimodal_25_0.1_1"
"435","Bimodal",25,0.1,1,"DP-diffuse",5,"Bimodal_25_0.1_1_DP-diffuse","Bimodal_25_0.1_1"
"436","Bimodal",25,0.1,1,"DP-EB",5,"Bimodal_25_0.1_1_DP-EB","Bimodal_25_0.1_1"
"437","Bimodal",25,0.1,5,"Gaussian",5,"Bimodal_25_0.1_5_Gaussian","Bimodal_25_0.1_5"
"438","Bimodal",25,0.1,5,"T",5,"Bimodal_25_0.1_5_T","Bimodal_25_0.1_5"
"439","Bimodal",25,0.1,5,"DP-diffuse",5,"Bimodal_25_0.1_5_DP-diffuse","Bimodal_25_0.1_5"
"440","Bimodal",25,0.1,5,"DP-EB",5,"Bimodal_25_0.1_5_DP-EB","Bimodal_25_0.1_5"
"441","Bimodal",25,0.1,10,"Gaussian",5,"Bimodal_25_0.1_10_Gaussian","Bimodal_25_0.1_10"
"442","Bimodal",25,0.1,10,"T",5,"Bimodal_25_0.1_10_T","Bimodal_25_0.1_10"
"443","Bimodal",25,0.1,10,"DP-diffuse",5,"Bimodal_25_0.1_10_DP-diffuse","Bimodal_25_0.1_10"
"444","Bimodal",25,0.1,10,"DP-EB",5,"Bimodal_25_0.1_10_DP-EB","Bimodal_25_0.1_10"
"445","Bimodal",25,0.5,1,"Gaussian",5,"Bimodal_25_0.5_1_Gaussian","Bimodal_25_0.5_1"
"446","Bimodal",25,0.5,1,"T",5,"Bimodal_25_0.5_1_T","Bimodal_25_0.5_1"
"447","Bimodal",25,0.5,1,"DP-diffuse",5,"Bimodal_25_0.5_1_DP-diffuse","Bimodal_25_0.5_1"
"448","Bimodal",25,0.5,1,"DP-EB",5,"Bimodal_25_0.5_1_DP-EB","Bimodal_25_0.5_1"
"449","Bimodal",25,0.5,5,"Gaussian",5,"Bimodal_25_0.5_5_Gaussian","Bimodal_25_0.5_5"
"450","Bimodal",25,0.5,5,"T",5,"Bimodal_25_0.5_5_T","Bimodal_25_0.5_5"
"451","Bimodal",25,0.5,5,"DP-diffuse",5,"Bimodal_25_0.5_5_DP-diffuse","Bimodal_25_0.5_5"
"452","Bimodal",25,0.5,5,"DP-EB",5,"Bimodal_25_0.5_5_DP-EB","Bimodal_25_0.5_5"
"453","Bimodal",25,0.5,10,"Gaussian",5,"Bimodal_25_0.5_10_Gaussian","Bimodal_25_0.5_10"
"454","Bimodal",25,0.5,10,"T",5,"Bimodal_25_0.5_10_T","Bimodal_25_0.5_10"
"455","Bimodal",25,0.5,10,"DP-diffuse",5,"Bimodal_25_0.5_10_DP-diffuse","Bimodal_25_0.5_10"
"456","Bimodal",25,0.5,10,"DP-EB",5,"Bimodal_25_0.5_10_DP-EB","Bimodal_25_0.5_10"
"457","Bimodal",25,0.9,1,"Gaussian",5,"Bimodal_25_0.9_1_Gaussian","Bimodal_25_0.9_1"
"458","Bimodal",25,0.9,1,"T",5,"Bimodal_25_0.9_1_T","Bimodal_25_0.9_1"
"459","Bimodal",25,0.9,1,"DP-diffuse",5,"Bimodal_25_0.9_1_DP-diffuse","Bimodal_25_0.9_1"
"460","Bimodal",25,0.9,1,"DP-EB",5,"Bimodal_25_0.9_1_DP-EB","Bimodal_25_0.9_1"
"461","Bimodal",25,0.9,5,"Gaussian",5,"Bimodal_25_0.9_5_Gaussian","Bimodal_25_0.9_5"
"462","Bimodal",25,0.9,5,"T",5,"Bimodal_25_0.9_5_T","Bimodal_25_0.9_5"
"463","Bimodal",25,0.9,5,"DP-diffuse",5,"Bimodal_25_0.9_5_DP-diffuse","Bimodal_25_0.9_5"
"464","Bimodal",25,0.9,5,"DP-EB",5,"Bimodal_25_0.9_5_DP-EB","Bimodal_25_0.9_5"
"465","Bimodal",25,0.9,10,"Gaussian",5,"Bimodal_25_0.9_10_Gaussian","Bimodal_25_0.9_10"
"466","Bimodal",25,0.9,10,"T",5,"Bimodal_25_0.9_10_T","Bimodal_25_0.9_10"
"467","Bimodal",25,0.9,10,"DP-diffuse",5,"Bimodal_25_0.9_10_DP-diffuse","Bimodal_25_0.9_10"
"468","Bimodal",25,0.9,10,"DP-EB",5,"Bimodal_25_0.9_10_DP-EB","Bimodal_25_0.9_10"
"469","Bimodal",50,0.1,1,"Gaussian",5,"Bimodal_50_0.1_1_Gaussian","Bimodal_50_0.1_1"
"470","Bimodal",50,0.1,1,"T",5,"Bimodal_50_0.1_1_T","Bimodal_50_0.1_1"
"471","Bimodal",50,0.1,1,"DP-diffuse",5,"Bimodal_50_0.1_1_DP-diffuse","Bimodal_50_0.1_1"
"472","Bimodal",50,0.1,1,"DP-EB",5,"Bimodal_50_0.1_1_DP-EB","Bimodal_50_0.1_1"
"473","Bimodal",50,0.1,5,"Gaussian",5,"Bimodal_50_0.1_5_Gaussian","Bimodal_50_0.1_5"
"474","Bimodal",50,0.1,5,"T",5,"Bimodal_50_0.1_5_T","Bimodal_50_0.1_5"
"475","Bimodal",50,0.1,5,"DP-diffuse",5,"Bimodal_50_0.1_5_DP-diffuse","Bimodal_50_0.1_5"
"476","Bimodal",50,0.1,5,"DP-EB",5,"Bimodal_50_0.1_5_DP-EB","Bimodal_50_0.1_5"
"477","Bimodal",50,0.1,10,"Gaussian",5,"Bimodal_50_0.1_10_Gaussian","Bimodal_50_0.1_10"
"478","Bimodal",50,0.1,10,"T",5,"Bimodal_50_0.1_10_T","Bimodal_50_0.1_10"
"479","Bimodal",50,0.1,10,"DP-diffuse",5,"Bimodal_50_0.1_10_DP-diffuse","Bimodal_50_0.1_10"
"480","Bimodal",50,0.1,10,"DP-EB",5,"Bimodal_50_0.1_10_DP-EB","Bimodal_50_0.1_10"
"481","Bimodal",50,0.5,1,"Gaussian",5,"Bimodal_50_0.5_1_Gaussian","Bimodal_50_0.5_1"
"482","Bimodal",50,0.5,1,"T",5,"Bimodal_50_0.5_1_T","Bimodal_50_0.5_1"
"483","Bimodal",50,0.5,1,"DP-diffuse",5,"Bimodal_50_0.5_1_DP-diffuse","Bimodal_50_0.5_1"
"484","Bimodal",50,0.5,1,"DP-EB",5,"Bimodal_50_0.5_1_DP-EB","Bimodal_50_0.5_1"
"485","Bimodal",50,0.5,5,"Gaussian",5,"Bimodal_50_0.5_5_Gaussian","Bimodal_50_0.5_5"
"486","Bimodal",50,0.5,5,"T",5,"Bimodal_50_0.5_5_T","Bimodal_50_0.5_5"
"487","Bimodal",50,0.5,5,"DP-diffuse",5,"Bimodal_50_0.5_5_DP-diffuse","Bimodal_50_0.5_5"
"488","Bimodal",50,0.5,5,"DP-EB",5,"Bimodal_50_0.5_5_DP-EB","Bimodal_50_0.5_5"
"489","Bimodal",50,0.5,10,"Gaussian",5,"Bimodal_50_0.5_10_Gaussian","Bimodal_50_0.5_10"
"490","Bimodal",50,0.5,10,"T",5,"Bimodal_50_0.5_10_T","Bimodal_50_0.5_10"
"491","Bimodal",50,0.5,10,"DP-diffuse",5,"Bimodal_50_0.5_10_DP-diffuse","Bimodal_50_0.5_10"
"492","Bimodal",50,0.5,10,"DP-EB",5,"Bimodal_50_0.5_10_DP-EB","Bimodal_50_0.5_10"
"493","Bimodal",50,0.9,1,"Gaussian",5,"Bimodal_50_0.9_1_Gaussian","Bimodal_50_0.9_1"
"494","Bimodal",50,0.9,1,"T",5,"Bimodal_50_0.9_1_T","Bimodal_50_0.9_1"
"495","Bimodal",50,0.9,1,"DP-diffuse",5,"Bimodal_50_0.9_1_DP-diffuse","Bimodal_50_0.9_1"
"496","Bimodal",50,0.9,1,"DP-EB",5,"Bimodal_50_0.9_1_DP-EB","Bimodal_50_0.9_1"
"497","Bimodal",50,0.9,5,"Gaussian",5,"Bimodal_50_0.9_5_Gaussian","Bimodal_50_0.9_5"
"498","Bimodal",50,0.9,5,"T",5,"Bimodal_50_0.9_5_T","Bimodal_50_0.9_5"
"499","Bimodal",50,0.9,5,"DP-diffuse",5,"Bimodal_50_0.9_5_DP-diffuse","Bimodal_50_0.9_5"
"500","Bimodal",50,0.9,5,"DP-EB",5,"Bimodal_50_0.9_5_DP-EB","Bimodal_50_0.9_5"
"501","Bimodal",50,0.9,10,"Gaussian",5,"Bimodal_50_0.9_10_Gaussian","Bimodal_50_0.9_10"
"502","Bimodal",50,0.9,10,"T",5,"Bimodal_50_0.9_10_T","Bimodal_50_0.9_10"
"503","Bimodal",50,0.9,10,"DP-diffuse",5,"Bimodal_50_0.9_10_DP-diffuse","Bimodal_50_0.9_10"
"504","Bimodal",50,0.9,10,"DP-EB",5,"Bimodal_50_0.9_10_DP-EB","Bimodal_50_0.9_10"
"505","Bimodal",100,0.1,1,"Gaussian",5,"Bimodal_100_0.1_1_Gaussian","Bimodal_100_0.1_1"
"506","Bimodal",100,0.1,1,"T",5,"Bimodal_100_0.1_1_T","Bimodal_100_0.1_1"
"507","Bimodal",100,0.1,1,"DP-diffuse",5,"Bimodal_100_0.1_1_DP-diffuse","Bimodal_100_0.1_1"
"508","Bimodal",100,0.1,1,"DP-EB",5,"Bimodal_100_0.1_1_DP-EB","Bimodal_100_0.1_1"
"509","Bimodal",100,0.1,5,"Gaussian",5,"Bimodal_100_0.1_5_Gaussian","Bimodal_100_0.1_5"
"510","Bimodal",100,0.1,5,"T",5,"Bimodal_100_0.1_5_T","Bimodal_100_0.1_5"
"511","Bimodal",100,0.1,5,"DP-diffuse",5,"Bimodal_100_0.1_5_DP-diffuse","Bimodal_100_0.1_5"
"512","Bimodal",100,0.1,5,"DP-EB",5,"Bimodal_100_0.1_5_DP-EB","Bimodal_100_0.1_5"
"513","Bimodal",100,0.1,10,"Gaussian",5,"Bimodal_100_0.1_10_Gaussian","Bimodal_100_0.1_10"
"514","Bimodal",100,0.1,10,"T",5,"Bimodal_100_0.1_10_T","Bimodal_100_0.1_10"
"515","Bimodal",100,0.1,10,"DP-diffuse",5,"Bimodal_100_0.1_10_DP-diffuse","Bimodal_100_0.1_10"
"516","Bimodal",100,0.1,10,"DP-EB",5,"Bimodal_100_0.1_10_DP-EB","Bimodal_100_0.1_10"
"517","Bimodal",100,0.5,1,"Gaussian",5,"Bimodal_100_0.5_1_Gaussian","Bimodal_100_0.5_1"
"518","Bimodal",100,0.5,1,"T",5,"Bimodal_100_0.5_1_T","Bimodal_100_0.5_1"
"519","Bimodal",100,0.5,1,"DP-diffuse",5,"Bimodal_100_0.5_1_DP-diffuse","Bimodal_100_0.5_1"
"520","Bimodal",100,0.5,1,"DP-EB",5,"Bimodal_100_0.5_1_DP-EB","Bimodal_100_0.5_1"
"521","Bimodal",100,0.5,5,"Gaussian",5,"Bimodal_100_0.5_5_Gaussian","Bimodal_100_0.5_5"
"522","Bimodal",100,0.5,5,"T",5,"Bimodal_100_0.5_5_T","Bimodal_100_0.5_5"
"523","Bimodal",100,0.5,5,"DP-diffuse",5,"Bimodal_100_0.5_5_DP-diffuse","Bimodal_100_0.5_5"
"524","Bimodal",100,0.5,5,"DP-EB",5,"Bimodal_100_0.5_5_DP-EB","Bimodal_100_0.5_5"
"525","Bimodal",100,0.5,10,"Gaussian",5,"Bimodal_100_0.5_10_Gaussian","Bimodal_100_0.5_10"
"526","Bimodal",100,0.5,10,"T",5,"Bimodal_100_0.5_10_T","Bimodal_100_0.5_10"
"527","Bimodal",100,0.5,10,"DP-diffuse",5,"Bimodal_100_0.5_10_DP-diffuse","Bimodal_100_0.5_10"
"528","Bimodal",100,0.5,10,"DP-EB",5,"Bimodal_100_0.5_10_DP-EB","Bimodal_100_0.5_10"
"529","Bimodal",100,0.9,1,"Gaussian",5,"Bimodal_100_0.9_1_Gaussian","Bimodal_100_0.9_1"
"530","Bimodal",100,0.9,1,"T",5,"Bimodal_100_0.9_1_T","Bimodal_100_0.9_1"
"531","Bimodal",100,0.9,1,"DP-diffuse",5,"Bimodal_100_0.9_1_DP-diffuse","Bimodal_100_0.9_1"
"532","Bimodal",100,0.9,1,"DP-EB",5,"Bimodal_100_0.9_1_DP-EB","Bimodal_100_0.9_1"
"533","Bimodal",100,0.9,5,"Gaussian",5,"Bimodal_100_0.9_5_Gaussian","Bimodal_100_0.9_5"
"534","Bimodal",100,0.9,5,"T",5,"Bimodal_100_0.9_5_T","Bimodal_100_0.9_5"
"535","Bimodal",100,0.9,5,"DP-diffuse",5,"Bimodal_100_0.9_5_DP-diffuse","Bimodal_100_0.9_5"
"536","Bimodal",100,0.9,5,"DP-EB",5,"Bimodal_100_0.9_5_DP-EB","Bimodal_100_0.9_5"
"537","Bimodal",100,0.9,10,"Gaussian",5,"Bimodal_100_0.9_10_Gaussian","Bimodal_100_0.9_10"
"538","Bimodal",100,0.9,10,"T",5,"Bimodal_100_0.9_10_T","Bimodal_100_0.9_10"
"539","Bimodal",100,0.9,10,"DP-diffuse",5,"Bimodal_100_0.9_10_DP-diffuse","Bimodal_100_0.9_10"
"540","Bimodal",100,0.9,10,"DP-EB",5,"Bimodal_100_0.9_10_DP-EB","Bimodal_100_0.9_10"
"541","Bimodal",200,0.1,1,"Gaussian",5,"Bimodal_200_0.1_1_Gaussian","Bimodal_200_0.1_1"
"542","Bimodal",200,0.1,1,"T",5,"Bimodal_200_0.1_1_T","Bimodal_200_0.1_1"
"543","Bimodal",200,0.1,1,"DP-diffuse",5,"Bimodal_200_0.1_1_DP-diffuse","Bimodal_200_0.1_1"
"544","Bimodal",200,0.1,1,"DP-EB",5,"Bimodal_200_0.1_1_DP-EB","Bimodal_200_0.1_1"
"545","Bimodal",200,0.1,5,"Gaussian",5,"Bimodal_200_0.1_5_Gaussian","Bimodal_200_0.1_5"
"546","Bimodal",200,0.1,5,"T",5,"Bimodal_200_0.1_5_T","Bimodal_200_0.1_5"
"547","Bimodal",200,0.1,5,"DP-diffuse",5,"Bimodal_200_0.1_5_DP-diffuse","Bimodal_200_0.1_5"
"548","Bimodal",200,0.1,5,"DP-EB",5,"Bimodal_200_0.1_5_DP-EB","Bimodal_200_0.1_5"
"549","Bimodal",200,0.1,10,"Gaussian",5,"Bimodal_200_0.1_10_Gaussian","Bimodal_200_0.1_10"
"550","Bimodal",200,0.1,10,"T",5,"Bimodal_200_0.1_10_T","Bimodal_200_0.1_10"
"551","Bimodal",200,0.1,10,"DP-diffuse",5,"Bimodal_200_0.1_10_DP-diffuse","Bimodal_200_0.1_10"
"552","Bimodal",200,0.1,10,"DP-EB",5,"Bimodal_200_0.1_10_DP-EB","Bimodal_200_0.1_10"
"553","Bimodal",200,0.5,1,"Gaussian",5,"Bimodal_200_0.5_1_Gaussian","Bimodal_200_0.5_1"
"554","Bimodal",200,0.5,1,"T",5,"Bimodal_200_0.5_1_T","Bimodal_200_0.5_1"
"555","Bimodal",200,0.5,1,"DP-diffuse",5,"Bimodal_200_0.5_1_DP-diffuse","Bimodal_200_0.5_1"
"556","Bimodal",200,0.5,1,"DP-EB",5,"Bimodal_200_0.5_1_DP-EB","Bimodal_200_0.5_1"
"557","Bimodal",200,0.5,5,"Gaussian",5,"Bimodal_200_0.5_5_Gaussian","Bimodal_200_0.5_5"
"558","Bimodal",200,0.5,5,"T",5,"Bimodal_200_0.5_5_T","Bimodal_200_0.5_5"
"559","Bimodal",200,0.5,5,"DP-diffuse",5,"Bimodal_200_0.5_5_DP-diffuse","Bimodal_200_0.5_5"
"560","Bimodal",200,0.5,5,"DP-EB",5,"Bimodal_200_0.5_5_DP-EB","Bimodal_200_0.5_5"
"561","Bimodal",200,0.5,10,"Gaussian",5,"Bimodal_200_0.5_10_Gaussian","Bimodal_200_0.5_10"
"562","Bimodal",200,0.5,10,"T",5,"Bimodal_200_0.5_10_T","Bimodal_200_0.5_10"
"563","Bimodal",200,0.5,10,"DP-diffuse",5,"Bimodal_200_0.5_10_DP-diffuse","Bimodal_200_0.5_10"
"564","Bimodal",200,0.5,10,"DP-EB",5,"Bimodal_200_0.5_10_DP-EB","Bimodal_200_0.5_10"
"565","Bimodal",200,0.9,1,"Gaussian",5,"Bimodal_200_0.9_1_Gaussian","Bimodal_200_0.9_1"
"566","Bimodal",200,0.9,1,"T",5,"Bimodal_200_0.9_1_T","Bimodal_200_0.9_1"
"567","Bimodal",200,0.9,1,"DP-diffuse",5,"Bimodal_200_0.9_1_DP-diffuse","Bimodal_200_0.9_1"
"568","Bimodal",200,0.9,1,"DP-EB",5,"Bimodal_200_0.9_1_DP-EB","Bimodal_200_0.9_1"
"569","Bimodal",200,0.9,5,"Gaussian",5,"Bimodal_200_0.9_5_Gaussian","Bimodal_200_0.9_5"
"570","Bimodal",200,0.9,5,"T",5,"Bimodal_200_0.9_5_T","Bimodal_200_0.9_5"
"571","Bimodal",200,0.9,5,"DP-diffuse",5,"Bimodal_200_0.9_5_DP-diffuse","Bimodal_200_0.9_5"
"572","Bimodal",200,0.9,5,"DP-EB",5,"Bimodal_200_0.9_5_DP-EB","Bimodal_200_0.9_5"
"573","Bimodal",200,0.9,10,"Gaussian",5,"Bimodal_200_0.9_10_Gaussian","Bimodal_200_0.9_10"
"574","Bimodal",200,0.9,10,"T",5,"Bimodal_200_0.9_10_T","Bimodal_200_0.9_10"
"575","Bimodal",200,0.9,10,"DP-diffuse",5,"Bimodal_200_0.9_10_DP-diffuse","Bimodal_200_0.9_10"
"576","Bimodal",200,0.9,10,"DP-EB",5,"Bimodal_200_0.9_10_DP-EB","Bimodal_200_0.9_10"
"577","Skew",25,0.1,1,"Gaussian",5,"Skew_25_0.1_1_Gaussian","Skew_25_0.1_1"
"578","Skew",25,0.1,1,"T",5,"Skew_25_0.1_1_T","Skew_25_0.1_1"
"579","Skew",25,0.1,1,"DP-diffuse",5,"Skew_25_0.1_1_DP-diffuse","Skew_25_0.1_1"
"580","Skew",25,0.1,1,"DP-EB",5,"Skew_25_0.1_1_DP-EB","Skew_25_0.1_1"
"581","Skew",25,0.1,5,"Gaussian",5,"Skew_25_0.1_5_Gaussian","Skew_25_0.1_5"
"582","Skew",25,0.1,5,"T",5,"Skew_25_0.1_5_T","Skew_25_0.1_5"
"583","Skew",25,0.1,5,"DP-diffuse",5,"Skew_25_0.1_5_DP-diffuse","Skew_25_0.1_5"
"584","Skew",25,0.1,5,"DP-EB",5,"Skew_25_0.1_5_DP-EB","Skew_25_0.1_5"
"585","Skew",25,0.1,10,"Gaussian",5,"Skew_25_0.1_10_Gaussian","Skew_25_0.1_10"
"586","Skew",25,0.1,10,"T",5,"Skew_25_0.1_10_T","Skew_25_0.1_10"
"587","Skew",25,0.1,10,"DP-diffuse",5,"Skew_25_0.1_10_DP-diffuse","Skew_25_0.1_10"
"588","Skew",25,0.1,10,"DP-EB",5,"Skew_25_0.1_10_DP-EB","Skew_25_0.1_10"
"589","Skew",25,0.5,1,"Gaussian",5,"Skew_25_0.5_1_Gaussian","Skew_25_0.5_1"
"590","Skew",25,0.5,1,"T",5,"Skew_25_0.5_1_T","Skew_25_0.5_1"
"591","Skew",25,0.5,1,"DP-diffuse",5,"Skew_25_0.5_1_DP-diffuse","Skew_25_0.5_1"
"592","Skew",25,0.5,1,"DP-EB",5,"Skew_25_0.5_1_DP-EB","Skew_25_0.5_1"
"593","Skew",25,0.5,5,"Gaussian",5,"Skew_25_0.5_5_Gaussian","Skew_25_0.5_5"
"594","Skew",25,0.5,5,"T",5,"Skew_25_0.5_5_T","Skew_25_0.5_5"
"595","Skew",25,0.5,5,"DP-diffuse",5,"Skew_25_0.5_5_DP-diffuse","Skew_25_0.5_5"
"596","Skew",25,0.5,5,"DP-EB",5,"Skew_25_0.5_5_DP-EB","Skew_25_0.5_5"
"597","Skew",25,0.5,10,"Gaussian",5,"Skew_25_0.5_10_Gaussian","Skew_25_0.5_10"
"598","Skew",25,0.5,10,"T",5,"Skew_25_0.5_10_T","Skew_25_0.5_10"
"599","Skew",25,0.5,10,"DP-diffuse",5,"Skew_25_0.5_10_DP-diffuse","Skew_25_0.5_10"
"600","Skew",25,0.5,10,"DP-EB",5,"Skew_25_0.5_10_DP-EB","Skew_25_0.5_10"
"601","Skew",25,0.9,1,"Gaussian",5,"Skew_25_0.9_1_Gaussian","Skew_25_0.9_1"
"602","Skew",25,0.9,1,"T",5,"Skew_25_0.9_1_T","Skew_25_0.9_1"
"603","Skew",25,0.9,1,"DP-diffuse",5,"Skew_25_0.9_1_DP-diffuse","Skew_25_0.9_1"
"604","Skew",25,0.9,1,"DP-EB",5,"Skew_25_0.9_1_DP-EB","Skew_25_0.9_1"
"605","Skew",25,0.9,5,"Gaussian",5,"Skew_25_0.9_5_Gaussian","Skew_25_0.9_5"
"606","Skew",25,0.9,5,"T",5,"Skew_25_0.9_5_T","Skew_25_0.9_5"
"607","Skew",25,0.9,5,"DP-diffuse",5,"Skew_25_0.9_5_DP-diffuse","Skew_25_0.9_5"
"608","Skew",25,0.9,5,"DP-EB",5,"Skew_25_0.9_5_DP-EB","Skew_25_0.9_5"
"609","Skew",25,0.9,10,"Gaussian",5,"Skew_25_0.9_10_Gaussian","Skew_25_0.9_10"
"610","Skew",25,0.9,10,"T",5,"Skew_25_0.9_10_T","Skew_25_0.9_10"
"611","Skew",25,0.9,10,"DP-diffuse",5,"Skew_25_0.9_10_DP-diffuse","Skew_25_0.9_10"
"612","Skew",25,0.9,10,"DP-EB",5,"Skew_25_0.9_10_DP-EB","Skew_25_0.9_10"
"613","Skew",50,0.1,1,"Gaussian",5,"Skew_50_0.1_1_Gaussian","Skew_50_0.1_1"
"614","Skew",50,0.1,1,"T",5,"Skew_50_0.1_1_T","Skew_50_0.1_1"
"615","Skew",50,0.1,1,"DP-diffuse",5,"Skew_50_0.1_1_DP-diffuse","Skew_50_0.1_1"
"616","Skew",50,0.1,1,"DP-EB",5,"Skew_50_0.1_1_DP-EB","Skew_50_0.1_1"
"617","Skew",50,0.1,5,"Gaussian",5,"Skew_50_0.1_5_Gaussian","Skew_50_0.1_5"
"618","Skew",50,0.1,5,"T",5,"Skew_50_0.1_5_T","Skew_50_0.1_5"
"619","Skew",50,0.1,5,"DP-diffuse",5,"Skew_50_0.1_5_DP-diffuse","Skew_50_0.1_5"
"620","Skew",50,0.1,5,"DP-EB",5,"Skew_50_0.1_5_DP-EB","Skew_50_0.1_5"
"621","Skew",50,0.1,10,"Gaussian",5,"Skew_50_0.1_10_Gaussian","Skew_50_0.1_10"
"622","Skew",50,0.1,10,"T",5,"Skew_50_0.1_10_T","Skew_50_0.1_10"
"623","Skew",50,0.1,10,"DP-diffuse",5,"Skew_50_0.1_10_DP-diffuse","Skew_50_0.1_10"
"624","Skew",50,0.1,10,"DP-EB",5,"Skew_50_0.1_10_DP-EB","Skew_50_0.1_10"
"625","Skew",50,0.5,1,"Gaussian",5,"Skew_50_0.5_1_Gaussian","Skew_50_0.5_1"
"626","Skew",50,0.5,1,"T",5,"Skew_50_0.5_1_T","Skew_50_0.5_1"
"627","Skew",50,0.5,1,"DP-diffuse",5,"Skew_50_0.5_1_DP-diffuse","Skew_50_0.5_1"
"628","Skew",50,0.5,1,"DP-EB",5,"Skew_50_0.5_1_DP-EB","Skew_50_0.5_1"
"629","Skew",50,0.5,5,"Gaussian",5,"Skew_50_0.5_5_Gaussian","Skew_50_0.5_5"
"630","Skew",50,0.5,5,"T",5,"Skew_50_0.5_5_T","Skew_50_0.5_5"
"631","Skew",50,0.5,5,"DP-diffuse",5,"Skew_50_0.5_5_DP-diffuse","Skew_50_0.5_5"
"632","Skew",50,0.5,5,"DP-EB",5,"Skew_50_0.5_5_DP-EB","Skew_50_0.5_5"
"633","Skew",50,0.5,10,"Gaussian",5,"Skew_50_0.5_10_Gaussian","Skew_50_0.5_10"
"634","Skew",50,0.5,10,"T",5,"Skew_50_0.5_10_T","Skew_50_0.5_10"
"635","Skew",50,0.5,10,"DP-diffuse",5,"Skew_50_0.5_10_DP-diffuse","Skew_50_0.5_10"
"636","Skew",50,0.5,10,"DP-EB",5,"Skew_50_0.5_10_DP-EB","Skew_50_0.5_10"
"637","Skew",50,0.9,1,"Gaussian",5,"Skew_50_0.9_1_Gaussian","Skew_50_0.9_1"
"638","Skew",50,0.9,1,"T",5,"Skew_50_0.9_1_T","Skew_50_0.9_1"
"639","Skew",50,0.9,1,"DP-diffuse",5,"Skew_50_0.9_1_DP-diffuse","Skew_50_0.9_1"
"640","Skew",50,0.9,1,"DP-EB",5,"Skew_50_0.9_1_DP-EB","Skew_50_0.9_1"
"641","Skew",50,0.9,5,"Gaussian",5,"Skew_50_0.9_5_Gaussian","Skew_50_0.9_5"
"642","Skew",50,0.9,5,"T",5,"Skew_50_0.9_5_T","Skew_50_0.9_5"
"643","Skew",50,0.9,5,"DP-diffuse",5,"Skew_50_0.9_5_DP-diffuse","Skew_50_0.9_5"
"644","Skew",50,0.9,5,"DP-EB",5,"Skew_50_0.9_5_DP-EB","Skew_50_0.9_5"
"645","Skew",50,0.9,10,"Gaussian",5,"Skew_50_0.9_10_Gaussian","Skew_50_0.9_10"
"646","Skew",50,0.9,10,"T",5,"Skew_50_0.9_10_T","Skew_50_0.9_10"
"647","Skew",50,0.9,10,"DP-diffuse",5,"Skew_50_0.9_10_DP-diffuse","Skew_50_0.9_10"
"648","Skew",50,0.9,10,"DP-EB",5,"Skew_50_0.9_10_DP-EB","Skew_50_0.9_10"
"649","Skew",100,0.1,1,"Gaussian",5,"Skew_100_0.1_1_Gaussian","Skew_100_0.1_1"
"650","Skew",100,0.1,1,"T",5,"Skew_100_0.1_1_T","Skew_100_0.1_1"
"651","Skew",100,0.1,1,"DP-diffuse",5,"Skew_100_0.1_1_DP-diffuse","Skew_100_0.1_1"
"652","Skew",100,0.1,1,"DP-EB",5,"Skew_100_0.1_1_DP-EB","Skew_100_0.1_1"
"653","Skew",100,0.1,5,"Gaussian",5,"Skew_100_0.1_5_Gaussian","Skew_100_0.1_5"
"654","Skew",100,0.1,5,"T",5,"Skew_100_0.1_5_T","Skew_100_0.1_5"
"655","Skew",100,0.1,5,"DP-diffuse",5,"Skew_100_0.1_5_DP-diffuse","Skew_100_0.1_5"
"656","Skew",100,0.1,5,"DP-EB",5,"Skew_100_0.1_5_DP-EB","Skew_100_0.1_5"
"657","Skew",100,0.1,10,"Gaussian",5,"Skew_100_0.1_10_Gaussian","Skew_100_0.1_10"
"658","Skew",100,0.1,10,"T",5,"Skew_100_0.1_10_T","Skew_100_0.1_10"
"659","Skew",100,0.1,10,"DP-diffuse",5,"Skew_100_0.1_10_DP-diffuse","Skew_100_0.1_10"
"660","Skew",100,0.1,10,"DP-EB",5,"Skew_100_0.1_10_DP-EB","Skew_100_0.1_10"
"661","Skew",100,0.5,1,"Gaussian",5,"Skew_100_0.5_1_Gaussian","Skew_100_0.5_1"
"662","Skew",100,0.5,1,"T",5,"Skew_100_0.5_1_T","Skew_100_0.5_1"
"663","Skew",100,0.5,1,"DP-diffuse",5,"Skew_100_0.5_1_DP-diffuse","Skew_100_0.5_1"
"664","Skew",100,0.5,1,"DP-EB",5,"Skew_100_0.5_1_DP-EB","Skew_100_0.5_1"
"665","Skew",100,0.5,5,"Gaussian",5,"Skew_100_0.5_5_Gaussian","Skew_100_0.5_5"
"666","Skew",100,0.5,5,"T",5,"Skew_100_0.5_5_T","Skew_100_0.5_5"
"667","Skew",100,0.5,5,"DP-diffuse",5,"Skew_100_0.5_5_DP-diffuse","Skew_100_0.5_5"
"668","Skew",100,0.5,5,"DP-EB",5,"Skew_100_0.5_5_DP-EB","Skew_100_0.5_5"
"669","Skew",100,0.5,10,"Gaussian",5,"Skew_100_0.5_10_Gaussian","Skew_100_0.5_10"
"670","Skew",100,0.5,10,"T",5,"Skew_100_0.5_10_T","Skew_100_0.5_10"
"671","Skew",100,0.5,10,"DP-diffuse",5,"Skew_100_0.5_10_DP-diffuse","Skew_100_0.5_10"
"672","Skew",100,0.5,10,"DP-EB",5,"Skew_100_0.5_10_DP-EB","Skew_100_0.5_10"
"673","Skew",100,0.9,1,"Gaussian",5,"Skew_100_0.9_1_Gaussian","Skew_100_0.9_1"
"674","Skew",100,0.9,1,"T",5,"Skew_100_0.9_1_T","Skew_100_0.9_1"
"675","Skew",100,0.9,1,"DP-diffuse",5,"Skew_100_0.9_1_DP-diffuse","Skew_100_0.9_1"
"676","Skew",100,0.9,1,"DP-EB",5,"Skew_100_0.9_1_DP-EB","Skew_100_0.9_1"
"677","Skew",100,0.9,5,"Gaussian",5,"Skew_100_0.9_5_Gaussian","Skew_100_0.9_5"
"678","Skew",100,0.9,5,"T",5,"Skew_100_0.9_5_T","Skew_100_0.9_5"
"679","Skew",100,0.9,5,"DP-diffuse",5,"Skew_100_0.9_5_DP-diffuse","Skew_100_0.9_5"
"680","Skew",100,0.9,5,"DP-EB",5,"Skew_100_0.9_5_DP-EB","Skew_100_0.9_5"
"681","Skew",100,0.9,10,"Gaussian",5,"Skew_100_0.9_10_Gaussian","Skew_100_0.9_10"
"682","Skew",100,0.9,10,"T",5,"Skew_100_0.9_10_T","Skew_100_0.9_10"
"683","Skew",100,0.9,10,"DP-diffuse",5,"Skew_100_0.9_10_DP-diffuse","Skew_100_0.9_10"
"684","Skew",100,0.9,10,"DP-EB",5,"Skew_100_0.9_10_DP-EB","Skew_100_0.9_10"
"685","Skew",200,0.1,1,"Gaussian",5,"Skew_200_0.1_1_Gaussian","Skew_200_0.1_1"
"686","Skew",200,0.1,1,"T",5,"Skew_200_0.1_1_T","Skew_200_0.1_1"
"687","Skew",200,0.1,1,"DP-diffuse",5,"Skew_200_0.1_1_DP-diffuse","Skew_200_0.1_1"
"688","Skew",200,0.1,1,"DP-EB",5,"Skew_200_0.1_1_DP-EB","Skew_200_0.1_1"
"689","Skew",200,0.1,5,"Gaussian",5,"Skew_200_0.1_5_Gaussian","Skew_200_0.1_5"
"690","Skew",200,0.1,5,"T",5,"Skew_200_0.1_5_T","Skew_200_0.1_5"
"691","Skew",200,0.1,5,"DP-diffuse",5,"Skew_200_0.1_5_DP-diffuse","Skew_200_0.1_5"
"692","Skew",200,0.1,5,"DP-EB",5,"Skew_200_0.1_5_DP-EB","Skew_200_0.1_5"
"693","Skew",200,0.1,10,"Gaussian",5,"Skew_200_0.1_10_Gaussian","Skew_200_0.1_10"
"694","Skew",200,0.1,10,"T",5,"Skew_200_0.1_10_T","Skew_200_0.1_10"
"695","Skew",200,0.1,10,"DP-diffuse",5,"Skew_200_0.1_10_DP-diffuse","Skew_200_0.1_10"
"696","Skew",200,0.1,10,"DP-EB",5,"Skew_200_0.1_10_DP-EB","Skew_200_0.1_10"
"697","Skew",200,0.5,1,"Gaussian",5,"Skew_200_0.5_1_Gaussian","Skew_200_0.5_1"
"698","Skew",200,0.5,1,"T",5,"Skew_200_0.5_1_T","Skew_200_0.5_1"
"699","Skew",200,0.5,1,"DP-diffuse",5,"Skew_200_0.5_1_DP-diffuse","Skew_200_0.5_1"
"700","Skew",200,0.5,1,"DP-EB",5,"Skew_200_0.5_1_DP-EB","Skew_200_0.5_1"
"701","Skew",200,0.5,5,"Gaussian",5,"Skew_200_0.5_5_Gaussian","Skew_200_0.5_5"
"702","Skew",200,0.5,5,"T",5,"Skew_200_0.5_5_T","Skew_200_0.5_5"
"703","Skew",200,0.5,5,"DP-diffuse",5,"Skew_200_0.5_5_DP-diffuse","Skew_200_0.5_5"
"704","Skew",200,0.5,5,"DP-EB",5,"Skew_200_0.5_5_DP-EB","Skew_200_0.5_5"
"705","Skew",200,0.5,10,"Gaussian",5,"Skew_200_0.5_10_Gaussian","Skew_200_0.5_10"
"706","Skew",200,0.5,10,"T",5,"Skew_200_0.5_10_T","Skew_200_0.5_10"
"707","Skew",200,0.5,10,"DP-diffuse",5,"Skew_200_0.5_10_DP-diffuse","Skew_200_0.5_10"
"708","Skew",200,0.5,10,"DP-EB",5,"Skew_200_0.5_10_DP-EB","Skew_200_0.5_10"
"709","Skew",200,0.9,1,"Gaussian",5,"Skew_200_0.9_1_Gaussian","Skew_200_0.9_1"
"710","Skew",200,0.9,1,"T",5,"Skew_200_0.9_1_T","Skew_200_0.9_1"
"711","Skew",200,0.9,1,"DP-diffuse",5,"Skew_200_0.9_1_DP-diffuse","Skew_200_0.9_1"
"712","Skew",200,0.9,1,"DP-EB",5,"Skew_200_0.9_1_DP-EB","Skew_200_0.9_1"
"713","Skew",200,0.9,5,"Gaussian",5,"Skew_200_0.9_5_Gaussian","Skew_200_0.9_5"
"714","Skew",200,0.9,5,"T",5,"Skew_200_0.9_5_T","Skew_200_0.9_5"
"715","Skew",200,0.9,5,"DP-diffuse",5,"Skew_200_0.9_5_DP-diffuse","Skew_200_0.9_5"
"716","Skew",200,0.9,5,"DP-EB",5,"Skew_200_0.9_5_DP-EB","Skew_200_0.9_5"
"717","Skew",200,0.9,10,"Gaussian",5,"Skew_200_0.9_10_Gaussian","Skew_200_0.9_10"
"718","Skew",200,0.9,10,"T",5,"Skew_200_0.9_10_T","Skew_200_0.9_10"
"719","Skew",200,0.9,10,"DP-diffuse",5,"Skew_200_0.9_10_DP-diffuse","Skew_200_0.9_10"
"720","Skew",200,0.9,10,"DP-EB",5,"Skew_200_0.9_10_DP-EB","Skew_200_0.9_10"
"721","Mixed",25,0.1,1,"Gaussian",5,"Mixed_25_0.1_1_Gaussian","Mixed_25_0.1_1"
"722","Mixed",25,0.1,1,"T",5,"Mixed_25_0.1_1_T","Mixed_25_0.1_1"
"723","Mixed",25,0.1,1,"DP-diffuse",5,"Mixed_25_0.1_1_DP-diffuse","Mixed_25_0.1_1"
"724","Mixed",25,0.1,1,"DP-EB",5,"Mixed_25_0.1_1_DP-EB","Mixed_25_0.1_1"
"725","Mixed",25,0.1,5,"Gaussian",5,"Mixed_25_0.1_5_Gaussian","Mixed_25_0.1_5"
"726","Mixed",25,0.1,5,"T",5,"Mixed_25_0.1_5_T","Mixed_25_0.1_5"
"727","Mixed",25,0.1,5,"DP-diffuse",5,"Mixed_25_0.1_5_DP-diffuse","Mixed_25_0.1_5"
"728","Mixed",25,0.1,5,"DP-EB",5,"Mixed_25_0.1_5_DP-EB","Mixed_25_0.1_5"
"729","Mixed",25,0.1,10,"Gaussian",5,"Mixed_25_0.1_10_Gaussian","Mixed_25_0.1_10"
"730","Mixed",25,0.1,10,"T",5,"Mixed_25_0.1_10_T","Mixed_25_0.1_10"
"731","Mixed",25,0.1,10,"DP-diffuse",5,"Mixed_25_0.1_10_DP-diffuse","Mixed_25_0.1_10"
"732","Mixed",25,0.1,10,"DP-EB",5,"Mixed_25_0.1_10_DP-EB","Mixed_25_0.1_10"
"733","Mixed",25,0.5,1,"Gaussian",5,"Mixed_25_0.5_1_Gaussian","Mixed_25_0.5_1"
"734","Mixed",25,0.5,1,"T",5,"Mixed_25_0.5_1_T","Mixed_25_0.5_1"
"735","Mixed",25,0.5,1,"DP-diffuse",5,"Mixed_25_0.5_1_DP-diffuse","Mixed_25_0.5_1"
"736","Mixed",25,0.5,1,"DP-EB",5,"Mixed_25_0.5_1_DP-EB","Mixed_25_0.5_1"
"737","Mixed",25,0.5,5,"Gaussian",5,"Mixed_25_0.5_5_Gaussian","Mixed_25_0.5_5"
"738","Mixed",25,0.5,5,"T",5,"Mixed_25_0.5_5_T","Mixed_25_0.5_5"
"739","Mixed",25,0.5,5,"DP-diffuse",5,"Mixed_25_0.5_5_DP-diffuse","Mixed_25_0.5_5"
"740","Mixed",25,0.5,5,"DP-EB",5,"Mixed_25_0.5_5_DP-EB","Mixed_25_0.5_5"
"741","Mixed",25,0.5,10,"Gaussian",5,"Mixed_25_0.5_10_Gaussian","Mixed_25_0.5_10"
"742","Mixed",25,0.5,10,"T",5,"Mixed_25_0.5_10_T","Mixed_25_0.5_10"
"743","Mixed",25,0.5,10,"DP-diffuse",5,"Mixed_25_0.5_10_DP-diffuse","Mixed_25_0.5_10"
"744","Mixed",25,0.5,10,"DP-EB",5,"Mixed_25_0.5_10_DP-EB","Mixed_25_0.5_10"
"745","Mixed",25,0.9,1,"Gaussian",5,"Mixed_25_0.9_1_Gaussian","Mixed_25_0.9_1"
"746","Mixed",25,0.9,1,"T",5,"Mixed_25_0.9_1_T","Mixed_25_0.9_1"
"747","Mixed",25,0.9,1,"DP-diffuse",5,"Mixed_25_0.9_1_DP-diffuse","Mixed_25_0.9_1"
"748","Mixed",25,0.9,1,"DP-EB",5,"Mixed_25_0.9_1_DP-EB","Mixed_25_0.9_1"
"749","Mixed",25,0.9,5,"Gaussian",5,"Mixed_25_0.9_5_Gaussian","Mixed_25_0.9_5"
"750","Mixed",25,0.9,5,"T",5,"Mixed_25_0.9_5_T","Mixed_25_0.9_5"
"751","Mixed",25,0.9,5,"DP-diffuse",5,"Mixed_25_0.9_5_DP-diffuse","Mixed_25_0.9_5"
"752","Mixed",25,0.9,5,"DP-EB",5,"Mixed_25_0.9_5_DP-EB","Mixed_25_0.9_5"
"753","Mixed",25,0.9,10,"Gaussian",5,"Mixed_25_0.9_10_Gaussian","Mixed_25_0.9_10"
"754","Mixed",25,0.9,10,"T",5,"Mixed_25_0.9_10_T","Mixed_25_0.9_10"
"755","Mixed",25,0.9,10,"DP-diffuse",5,"Mixed_25_0.9_10_DP-diffuse","Mixed_25_0.9_10"
"756","Mixed",25,0.9,10,"DP-EB",5,"Mixed_25_0.9_10_DP-EB","Mixed_25_0.9_10"
"757","Mixed",50,0.1,1,"Gaussian",5,"Mixed_50_0.1_1_Gaussian","Mixed_50_0.1_1"
"758","Mixed",50,0.1,1,"T",5,"Mixed_50_0.1_1_T","Mixed_50_0.1_1"
"759","Mixed",50,0.1,1,"DP-diffuse",5,"Mixed_50_0.1_1_DP-diffuse","Mixed_50_0.1_1"
"760","Mixed",50,0.1,1,"DP-EB",5,"Mixed_50_0.1_1_DP-EB","Mixed_50_0.1_1"
"761","Mixed",50,0.1,5,"Gaussian",5,"Mixed_50_0.1_5_Gaussian","Mixed_50_0.1_5"
"762","Mixed",50,0.1,5,"T",5,"Mixed_50_0.1_5_T","Mixed_50_0.1_5"
"763","Mixed",50,0.1,5,"DP-diffuse",5,"Mixed_50_0.1_5_DP-diffuse","Mixed_50_0.1_5"
"764","Mixed",50,0.1,5,"DP-EB",5,"Mixed_50_0.1_5_DP-EB","Mixed_50_0.1_5"
"765","Mixed",50,0.1,10,"Gaussian",5,"Mixed_50_0.1_10_Gaussian","Mixed_50_0.1_10"
"766","Mixed",50,0.1,10,"T",5,"Mixed_50_0.1_10_T","Mixed_50_0.1_10"
"767","Mixed",50,0.1,10,"DP-diffuse",5,"Mixed_50_0.1_10_DP-diffuse","Mixed_50_0.1_10"
"768","Mixed",50,0.1,10,"DP-EB",5,"Mixed_50_0.1_10_DP-EB","Mixed_50_0.1_10"
"769","Mixed",50,0.5,1,"Gaussian",5,"Mixed_50_0.5_1_Gaussian","Mixed_50_0.5_1"
"770","Mixed",50,0.5,1,"T",5,"Mixed_50_0.5_1_T","Mixed_50_0.5_1"
"771","Mixed",50,0.5,1,"DP-diffuse",5,"Mixed_50_0.5_1_DP-diffuse","Mixed_50_0.5_1"
"772","Mixed",50,0.5,1,"DP-EB",5,"Mixed_50_0.5_1_DP-EB","Mixed_50_0.5_1"
"773","Mixed",50,0.5,5,"Gaussian",5,"Mixed_50_0.5_5_Gaussian","Mixed_50_0.5_5"
"774","Mixed",50,0.5,5,"T",5,"Mixed_50_0.5_5_T","Mixed_50_0.5_5"
"775","Mixed",50,0.5,5,"DP-diffuse",5,"Mixed_50_0.5_5_DP-diffuse","Mixed_50_0.5_5"
"776","Mixed",50,0.5,5,"DP-EB",5,"Mixed_50_0.5_5_DP-EB","Mixed_50_0.5_5"
"777","Mixed",50,0.5,10,"Gaussian",5,"Mixed_50_0.5_10_Gaussian","Mixed_50_0.5_10"
"778","Mixed",50,0.5,10,"T",5,"Mixed_50_0.5_10_T","Mixed_50_0.5_10"
"779","Mixed",50,0.5,10,"DP-diffuse",5,"Mixed_50_0.5_10_DP-diffuse","Mixed_50_0.5_10"
"780","Mixed",50,0.5,10,"DP-EB",5,"Mixed_50_0.5_10_DP-EB","Mixed_50_0.5_10"
"781","Mixed",50,0.9,1,"Gaussian",5,"Mixed_50_0.9_1_Gaussian","Mixed_50_0.9_1"
"782","Mixed",50,0.9,1,"T",5,"Mixed_50_0.9_1_T","Mixed_50_0.9_1"
"783","Mixed",50,0.9,1,"DP-diffuse",5,"Mixed_50_0.9_1_DP-diffuse","Mixed_50_0.9_1"
"784","Mixed",50,0.9,1,"DP-EB",5,"Mixed_50_0.9_1_DP-EB","Mixed_50_0.9_1"
"785","Mixed",50,0.9,5,"Gaussian",5,"Mixed_50_0.9_5_Gaussian","Mixed_50_0.9_5"
"786","Mixed",50,0.9,5,"T",5,"Mixed_50_0.9_5_T","Mixed_50_0.9_5"
"787","Mixed",50,0.9,5,"DP-diffuse",5,"Mixed_50_0.9_5_DP-diffuse","Mixed_50_0.9_5"
"788","Mixed",50,0.9,5,"DP-EB",5,"Mixed_50_0.9_5_DP-EB","Mixed_50_0.9_5"
"789","Mixed",50,0.9,10,"Gaussian",5,"Mixed_50_0.9_10_Gaussian","Mixed_50_0.9_10"
"790","Mixed",50,0.9,10,"T",5,"Mixed_50_0.9_10_T","Mixed_50_0.9_10"
"791","Mixed",50,0.9,10,"DP-diffuse",5,"Mixed_50_0.9_10_DP-diffuse","Mixed_50_0.9_10"
"792","Mixed",50,0.9,10,"DP-EB",5,"Mixed_50_0.9_10_DP-EB","Mixed_50_0.9_10"
"793","Mixed",100,0.1,1,"Gaussian",5,"Mixed_100_0.1_1_Gaussian","Mixed_100_0.1_1"
"794","Mixed",100,0.1,1,"T",5,"Mixed_100_0.1_1_T","Mixed_100_0.1_1"
"795","Mixed",100,0.1,1,"DP-diffuse",5,"Mixed_100_0.1_1_DP-diffuse","Mixed_100_0.1_1"
"796","Mixed",100,0.1,1,"DP-EB",5,"Mixed_100_0.1_1_DP-EB","Mixed_100_0.1_1"
"797","Mixed",100,0.1,5,"Gaussian",5,"Mixed_100_0.1_5_Gaussian","Mixed_100_0.1_5"
"798","Mixed",100,0.1,5,"T",5,"Mixed_100_0.1_5_T","Mixed_100_0.1_5"
"799","Mixed",100,0.1,5,"DP-diffuse",5,"Mixed_100_0.1_5_DP-diffuse","Mixed_100_0.1_5"
"800","Mixed",100,0.1,5,"DP-EB",5,"Mixed_100_0.1_5_DP-EB","Mixed_100_0.1_5"
"801","Mixed",100,0.1,10,"Gaussian",5,"Mixed_100_0.1_10_Gaussian","Mixed_100_0.1_10"
"802","Mixed",100,0.1,10,"T",5,"Mixed_100_0.1_10_T","Mixed_100_0.1_10"
"803","Mixed",100,0.1,10,"DP-diffuse",5,"Mixed_100_0.1_10_DP-diffuse","Mixed_100_0.1_10"
"804","Mixed",100,0.1,10,"DP-EB",5,"Mixed_100_0.1_10_DP-EB","Mixed_100_0.1_10"
"805","Mixed",100,0.5,1,"Gaussian",5,"Mixed_100_0.5_1_Gaussian","Mixed_100_0.5_1"
"806","Mixed",100,0.5,1,"T",5,"Mixed_100_0.5_1_T","Mixed_100_0.5_1"
"807","Mixed",100,0.5,1,"DP-diffuse",5,"Mixed_100_0.5_1_DP-diffuse","Mixed_100_0.5_1"
"808","Mixed",100,0.5,1,"DP-EB",5,"Mixed_100_0.5_1_DP-EB","Mixed_100_0.5_1"
"809","Mixed",100,0.5,5,"Gaussian",5,"Mixed_100_0.5_5_Gaussian","Mixed_100_0.5_5"
"810","Mixed",100,0.5,5,"T",5,"Mixed_100_0.5_5_T","Mixed_100_0.5_5"
"811","Mixed",100,0.5,5,"DP-diffuse",5,"Mixed_100_0.5_5_DP-diffuse","Mixed_100_0.5_5"
"812","Mixed",100,0.5,5,"DP-EB",5,"Mixed_100_0.5_5_DP-EB","Mixed_100_0.5_5"
"813","Mixed",100,0.5,10,"Gaussian",5,"Mixed_100_0.5_10_Gaussian","Mixed_100_0.5_10"
"814","Mixed",100,0.5,10,"T",5,"Mixed_100_0.5_10_T","Mixed_100_0.5_10"
"815","Mixed",100,0.5,10,"DP-diffuse",5,"Mixed_100_0.5_10_DP-diffuse","Mixed_100_0.5_10"
"816","Mixed",100,0.5,10,"DP-EB",5,"Mixed_100_0.5_10_DP-EB","Mixed_100_0.5_10"
"817","Mixed",100,0.9,1,"Gaussian",5,"Mixed_100_0.9_1_Gaussian","Mixed_100_0.9_1"
"818","Mixed",100,0.9,1,"T",5,"Mixed_100_0.9_1_T","Mixed_100_0.9_1"
"819","Mixed",100,0.9,1,"DP-diffuse",5,"Mixed_100_0.9_1_DP-diffuse","Mixed_100_0.9_1"
"820","Mixed",100,0.9,1,"DP-EB",5,"Mixed_100_0.9_1_DP-EB","Mixed_100_0.9_1"
"821","Mixed",100,0.9,5,"Gaussian",5,"Mixed_100_0.9_5_Gaussian","Mixed_100_0.9_5"
"822","Mixed",100,0.9,5,"T",5,"Mixed_100_0.9_5_T","Mixed_100_0.9_5"
"823","Mixed",100,0.9,5,"DP-diffuse",5,"Mixed_100_0.9_5_DP-diffuse","Mixed_100_0.9_5"
"824","Mixed",100,0.9,5,"DP-EB",5,"Mixed_100_0.9_5_DP-EB","Mixed_100_0.9_5"
"825","Mixed",100,0.9,10,"Gaussian",5,"Mixed_100_0.9_10_Gaussian","Mixed_100_0.9_10"
"826","Mixed",100,0.9,10,"T",5,"Mixed_100_0.9_10_T","Mixed_100_0.9_10"
"827","Mixed",100,0.9,10,"DP-diffuse",5,"Mixed_100_0.9_10_DP-diffuse","Mixed_100_0.9_10"
"828","Mixed",100,0.9,10,"DP-EB",5,"Mixed_100_0.9_10_DP-EB","Mixed_100_0.9_10"
"829","Mixed",200,0.1,1,"Gaussian",5,"Mixed_200_0.1_1_Gaussian","Mixed_200_0.1_1"
"830","Mixed",200,0.1,1,"T",5,"Mixed_200_0.1_1_T","Mixed_200_0.1_1"
"831","Mixed",200,0.1,1,"DP-diffuse",5,"Mixed_200_0.1_1_DP-diffuse","Mixed_200_0.1_1"
"832","Mixed",200,0.1,1,"DP-EB",5,"Mixed_200_0.1_1_DP-EB","Mixed_200_0.1_1"
"833","Mixed",200,0.1,5,"Gaussian",5,"Mixed_200_0.1_5_Gaussian","Mixed_200_0.1_5"
"834","Mixed",200,0.1,5,"T",5,"Mixed_200_0.1_5_T","Mixed_200_0.1_5"
"835","Mixed",200,0.1,5,"DP-diffuse",5,"Mixed_200_0.1_5_DP-diffuse","Mixed_200_0.1_5"
"836","Mixed",200,0.1,5,"DP-EB",5,"Mixed_200_0.1_5_DP-EB","Mixed_200_0.1_5"
"837","Mixed",200,0.1,10,"Gaussian",5,"Mixed_200_0.1_10_Gaussian","Mixed_200_0.1_10"
"838","Mixed",200,0.1,10,"T",5,"Mixed_200_0.1_10_T","Mixed_200_0.1_10"
"839","Mixed",200,0.1,10,"DP-diffuse",5,"Mixed_200_0.1_10_DP-diffuse","Mixed_200_0.1_10"
"840","Mixed",200,0.1,10,"DP-EB",5,"Mixed_200_0.1_10_DP-EB","Mixed_200_0.1_10"
"841","Mixed",200,0.5,1,"Gaussian",5,"Mixed_200_0.5_1_Gaussian","Mixed_200_0.5_1"
"842","Mixed",200,0.5,1,"T",5,"Mixed_200_0.5_1_T","Mixed_200_0.5_1"
"843","Mixed",200,0.5,1,"DP-diffuse",5,"Mixed_200_0.5_1_DP-diffuse","Mixed_200_0.5_1"
"844","Mixed",200,0.5,1,"DP-EB",5,"Mixed_200_0.5_1_DP-EB","Mixed_200_0.5_1"
"845","Mixed",200,0.5,5,"Gaussian",5,"Mixed_200_0.5_5_Gaussian","Mixed_200_0.5_5"
"846","Mixed",200,0.5,5,"T",5,"Mixed_200_0.5_5_T","Mixed_200_0.5_5"
"847","Mixed",200,0.5,5,"DP-diffuse",5,"Mixed_200_0.5_5_DP-diffuse","Mixed_200_0.5_5"
"848","Mixed",200,0.5,5,"DP-EB",5,"Mixed_200_0.5_5_DP-EB","Mixed_200_0.5_5"
"849","Mixed",200,0.5,10,"Gaussian",5,"Mixed_200_0.5_10_Gaussian","Mixed_200_0.5_10"
"850","Mixed",200,0.5,10,"T",5,"Mixed_200_0.5_10_T","Mixed_200_0.5_10"
"851","Mixed",200,0.5,10,"DP-diffuse",5,"Mixed_200_0.5_10_DP-diffuse","Mixed_200_0.5_10"
"852","Mixed",200,0.5,10,"DP-EB",5,"Mixed_200_0.5_10_DP-EB","Mixed_200_0.5_10"
"853","Mixed",200,0.9,1,"Gaussian",5,"Mixed_200_0.9_1_Gaussian","Mixed_200_0.9_1"
"854","Mixed",200,0.9,1,"T",5,"Mixed_200_0.9_1_T","Mixed_200_0.9_1"
"855","Mixed",200,0.9,1,"DP-diffuse",5,"Mixed_200_0.9_1_DP-diffuse","Mixed_200_0.9_1"
"856","Mixed",200,0.9,1,"DP-EB",5,"Mixed_200_0.9_1_DP-EB","Mixed_200_0.9_1"
"857","Mixed",200,0.9,5,"Gaussian",5,"Mixed_200_0.9_5_Gaussian","Mixed_200_0.9_5"
"858","Mixed",200,0.9,5,"T",5,"Mixed_200_0.9_5_T","Mixed_200_0.9_5"
"859","Mixed",200,0.9,5,"DP-diffuse",5,"Mixed_200_0.9_5_DP-diffuse","Mixed_200_0.9_5"
"860","Mixed",200,0.9,5,"DP-EB",5,"Mixed_200_0.9_5_DP-EB","Mixed_200_0.9_5"
"861","Mixed",200,0.9,10,"Gaussian",5,"Mixed_200_0.9_10_Gaussian","Mixed_200_0.9_10"
"862","Mixed",200,0.9,10,"T",5,"Mixed_200_0.9_10_T","Mixed_200_0.9_10"
"863","Mixed",200,0.9,10,"DP-diffuse",5,"Mixed_200_0.9_10_DP-diffuse","Mixed_200_0.9_10"
"864","Mixed",200,0.9,10,"DP-EB",5,"Mixed_200_0.9_10_DP-EB","Mixed_200_0.9_10"
